claim_id,partner_id,weather_severity_at_claim_time,distance_from_disrupted_zone_km,claims_filed_last_30_days,time_since_last_delivery_ping_min,is_fraud
C00001,P0103,0.38,35.67,5,126.7,1
C00002,P0436,0.71,1.13,1,7.3,0
C00003,P0861,0.67,7.06,0,5.2,0
C00004,P0271,0.9,2.44,0,4.3,0
C00005,P0107,0.76,0.61,0,6.6,0
C00006,P0072,0.71,0.68,2,0.8,0
C00007,P0701,0.63,6.05,0,1.0,0
C00008,P0021,0.84,1.95,1,0.2,0
C00009,P0615,0.99,0.58,1,9.4,0
C00010,P0122,0.73,0.63,0,20.1,0
C00011,P0467,0.98,0.22,0,29.0,0
C00012,P0215,0.89,4.29,0,8.9,0
C00013,P0331,0.88,2.28,0,0.2,0
C00014,P0459,0.83,0.58,0,31.6,0
C00015,P0088,0.76,3.66,0,11.2,0
C00016,P0373,0.99,0.21,0,5.7,0
C00017,P0100,0.64,2.76,1,3.0,0
C00018,P0872,0.77,2.57,0,8.9,0
C00019,P0664,0.25,35.51,2,107.8,1
C00020,P0131,0.95,2.68,0,2.9,0
C00021,P0662,0.69,0.63,0,0.6,0
C00022,P0309,0.78,2.64,1,0.8,0
C00023,P0770,0.38,43.54,8,76.4,1
C00024,P0344,0.75,5.07,0,7.7,0
C00025,P0492,0.11,24.74,7,166.2,1
C00026,P0414,0.86,5.51,0,17.4,0
C00027,P0806,0.12,27.76,1,180.6,1
C00028,P0386,0.62,1.35,1,14.5,0
C00029,P0192,0.16,36.21,2,76.9,1
C00030,P0956,0.67,2.18,2,1.2,0
C00031,P0277,0.72,0.74,0,7.2,0
C00032,P0161,0.81,0.88,0,17.6,0
C00033,P0460,0.92,0.74,2,4.4,0
C00034,P0314,0.8,5.66,1,5.0,0
C00035,P0022,0.22,30.13,7,98.5,1
C00036,P0253,0.27,17.17,3,60.5,1
C00037,P0748,0.89,2.64,0,1.8,0
C00038,P0857,0.63,0.04,0,22.2,0
C00039,P0561,0.7,0.87,0,2.5,0
C00040,P0475,0.81,1.87,0,0.6,0
C00041,P0059,0.76,0.53,0,32.2,0
C00042,P0511,0.85,1.63,0,5.6,0
C00043,P0682,0.82,2.38,1,6.9,0
C00044,P0476,0.76,4.09,1,1.2,0
C00045,P0700,0.84,0.25,0,1.5,0
C00046,P0976,0.88,0.46,0,22.6,0
C00047,P0783,0.68,1.42,0,0.2,0
C00048,P0190,0.92,0.14,0,8.2,0
C00049,P0958,0.25,37.55,1,233.6,1
C00050,P0687,0.81,3.62,2,4.1,0
C00051,P0958,0.92,1.2,0,19.3,0
C00052,P0563,0.95,1.26,0,4.9,0
C00053,P0876,0.92,4.64,0,0.7,0
C00054,P0567,0.35,25.58,4,150.1,1
C00055,P0244,0.92,1.14,1,3.9,0
C00056,P0832,0.69,0.86,0,0.7,0
C00057,P0505,0.75,1.25,1,12.3,0
C00058,P0131,0.0,18.71,2,253.1,1
C00059,P0485,0.31,31.94,4,252.7,1
C00060,P0819,0.81,0.3,1,13.6,0
C00061,P0647,0.67,0.43,2,14.2,0
C00062,P0021,0.84,2.12,1,10.0,0
C00063,P0841,0.06,28.96,3,118.0,1
C00064,P0167,0.69,1.11,1,2.1,0
C00065,P0274,0.03,37.85,6,285.4,1
C00066,P0388,0.85,0.78,0,2.1,0
C00067,P0601,0.88,0.49,0,3.1,0
C00068,P0316,0.86,3.37,1,2.1,0
C00069,P0014,0.64,2.4,0,5.7,0
C00070,P0242,0.61,0.6,0,21.1,0
C00071,P0777,0.7,1.63,0,11.0,0
C00072,P0346,0.73,4.56,1,23.1,0
C00073,P0565,1.0,3.49,1,8.6,0
C00074,P0898,0.63,0.2,1,13.8,0
C00075,P0340,0.92,3.9,1,0.4,0
C00076,P0092,0.16,15.2,1,248.1,1
C00077,P0367,0.23,22.51,2,243.4,1
C00078,P0956,0.25,40.49,3,209.9,1
C00079,P0455,0.35,33.48,6,203.2,1
C00080,P0428,0.97,5.29,0,7.5,0
C00081,P0509,0.68,10.87,2,12.6,0
C00082,P0776,0.84,0.11,0,11.2,0
C00083,P0943,0.87,0.93,1,6.9,0
C00084,P0035,0.88,2.39,1,1.7,0
C00085,P0206,0.85,1.83,0,12.2,0
C00086,P0081,0.78,2.2,1,0.2,0
C00087,P0932,0.91,1.88,1,16.2,0
C00088,P0562,0.98,1.54,0,5.1,0
C00089,P0872,0.66,1.7,0,25.4,0
C00090,P0388,0.83,1.8,0,0.5,0
C00091,P0002,0.61,1.1,0,9.3,0
C00092,P0390,0.35,45.32,5,128.8,1
C00093,P0566,0.92,11.78,0,22.8,0
C00094,P0106,0.85,7.25,0,18.8,0
C00095,P0772,0.02,23.41,5,152.5,1
C00096,P0822,0.03,18.43,3,100.2,1
C00097,P0477,0.06,48.92,6,115.8,1
C00098,P0703,0.65,0.59,0,11.2,0
C00099,P0402,0.63,0.47,1,4.2,0
C00100,P0730,0.95,0.34,0,6.6,0
C00101,P0556,0.72,1.66,1,8.7,0
C00102,P0162,0.8,0.31,1,6.7,0
C00103,P0202,0.63,1.23,0,17.3,0
C00104,P0958,0.62,1.08,0,12.9,0
C00105,P0996,0.83,2.2,2,7.7,0
C00106,P0270,0.94,9.1,1,2.2,0
C00107,P0863,0.8,2.71,0,6.6,0
C00108,P0816,0.94,0.9,1,4.0,0
C00109,P0271,0.78,2.87,0,2.2,0
C00110,P0456,0.98,0.39,0,8.7,0
C00111,P0462,0.2,35.79,4,197.0,1
C00112,P0727,0.67,0.65,0,2.0,0
C00113,P0252,0.93,0.67,2,1.5,0
C00114,P0702,0.75,3.2,0,0.9,0
C00115,P0296,0.82,3.73,1,11.2,0
C00116,P0725,0.69,0.49,1,3.1,0
C00117,P0720,0.6,4.09,1,13.9,0
C00118,P0749,0.66,1.23,0,1.0,0
C00119,P0338,0.79,5.07,0,3.4,0
C00120,P0879,0.08,19.53,5,163.2,1
C00121,P0053,0.84,15.45,1,17.6,0
C00122,P0792,0.67,0.06,0,4.2,0
C00123,P0922,0.2,34.61,3,68.4,1
C00124,P0217,0.22,27.53,2,167.8,1
C00125,P0764,0.69,0.1,1,9.4,0
C00126,P0188,0.71,0.38,0,16.2,0
C00127,P0380,0.76,2.78,0,14.8,0
C00128,P0493,0.69,2.26,0,26.5,0
C00129,P0041,0.75,0.14,0,17.5,0
C00130,P0157,0.81,2.99,0,4.2,0
C00131,P0015,0.61,6.51,2,9.5,0
C00132,P0813,0.27,22.7,7,231.9,1
C00133,P0065,0.28,34.91,3,166.3,1
C00134,P0857,0.7,0.84,2,4.7,0
C00135,P0839,0.97,0.13,0,1.8,0
C00136,P0521,0.84,0.33,1,7.0,0
C00137,P0344,0.7,1.27,1,14.0,0
C00138,P0129,0.83,4.69,2,0.1,0
C00139,P0648,0.68,2.18,0,5.1,0
C00140,P0472,0.95,4.52,1,11.7,0
C00141,P0063,0.71,0.42,0,4.2,0
C00142,P0139,0.77,3.56,0,13.3,0
C00143,P0499,0.81,0.68,0,3.6,0
C00144,P0593,0.84,1.14,0,1.2,0
C00145,P0392,0.82,4.65,0,13.2,0
C00146,P0675,0.26,47.26,6,258.4,1
C00147,P0419,0.92,0.22,0,6.2,0
C00148,P0289,0.65,7.88,0,0.7,0
C00149,P0379,0.84,2.69,0,10.8,0
C00150,P0773,0.81,0.22,0,8.4,0
C00151,P0490,0.72,5.57,2,35.0,0
C00152,P0231,0.77,0.85,0,0.5,0
C00153,P0041,0.88,1.22,0,9.5,0
C00154,P0028,0.7,1.72,0,17.3,0
C00155,P0135,0.33,29.09,4,80.3,1
C00156,P0201,0.79,1.32,1,4.8,0
C00157,P0840,0.92,3.47,0,6.1,0
C00158,P0780,0.12,47.3,4,174.1,1
C00159,P0930,0.76,0.35,2,12.5,0
C00160,P0033,0.03,26.71,4,145.1,1
C00161,P0048,0.82,1.03,2,4.7,0
C00162,P0503,0.7,0.22,0,5.3,0
C00163,P0407,0.87,2.15,0,5.0,0
C00164,P0574,0.67,0.34,1,5.4,0
C00165,P0728,0.67,4.23,0,2.6,0
C00166,P0805,0.8,2.63,1,21.7,0
C00167,P0099,0.97,4.96,1,5.2,0
C00168,P0684,0.9,1.52,1,13.1,0
C00169,P0872,0.93,0.32,1,18.6,0
C00170,P0726,0.17,25.16,5,197.5,1
C00171,P0987,0.13,11.57,1,294.8,1
C00172,P0547,0.39,25.81,7,297.7,1
C00173,P0961,0.61,1.85,1,1.3,0
C00174,P0739,0.98,0.4,1,3.7,0
C00175,P0613,0.82,1.08,0,1.9,0
C00176,P0943,0.77,2.83,1,5.0,0
C00177,P0462,0.64,0.03,1,1.8,0
C00178,P0643,0.69,0.05,2,2.6,0
C00179,P0769,0.95,5.22,0,0.5,0
C00180,P0005,0.62,1.71,0,0.3,0
C00181,P0218,0.83,0.02,1,0.4,0
C00182,P0503,0.84,1.01,1,3.2,0
C00183,P0767,0.88,0.63,1,8.0,0
C00184,P0398,0.02,27.04,6,168.0,1
C00185,P0871,0.73,4.09,0,2.4,0
C00186,P0795,0.9,0.11,0,5.8,0
C00187,P0393,0.73,1.0,0,1.8,0
C00188,P0207,0.83,3.27,1,1.6,0
C00189,P0015,0.71,0.9,0,11.4,0
C00190,P0858,0.62,0.07,0,11.9,0
C00191,P0554,0.68,2.05,0,21.7,0
C00192,P0892,0.96,0.71,0,5.3,0
C00193,P0461,0.7,2.23,1,17.4,0
C00194,P0691,0.76,0.34,1,11.1,0
C00195,P0575,0.11,13.25,8,172.2,1
C00196,P0864,0.85,1.06,0,4.0,0
C00197,P0743,0.83,3.8,0,27.2,0
C00198,P0241,0.28,42.93,2,256.4,1
C00199,P0564,0.62,4.41,1,2.4,0
C00200,P0096,0.91,0.58,1,1.3,0
C00201,P0900,0.99,2.24,1,11.3,0
C00202,P0734,0.84,1.85,1,5.6,0
C00203,P0485,0.11,40.74,4,112.5,1
C00204,P0407,0.62,0.28,0,18.9,0
C00205,P0231,0.02,39.37,5,79.6,1
C00206,P0749,0.7,0.06,1,7.9,0
C00207,P0655,0.67,0.7,2,22.1,0
C00208,P0171,0.83,1.66,0,0.7,0
C00209,P0541,0.64,1.84,0,24.9,0
C00210,P0036,0.76,0.31,1,7.5,0
C00211,P0525,0.28,46.01,5,125.3,1
C00212,P0160,0.69,2.17,1,0.2,0
C00213,P0839,0.29,22.94,3,82.7,1
C00214,P0699,0.93,5.01,1,5.1,0
C00215,P0243,0.29,41.19,1,230.9,1
C00216,P0086,0.74,0.59,0,7.8,0
C00217,P0796,0.94,6.32,0,7.2,0
C00218,P0578,0.63,1.59,0,9.3,0
C00219,P0682,0.76,0.55,0,3.8,0
C00220,P0557,0.64,0.39,1,7.6,0
C00221,P0574,0.95,10.84,0,16.7,0
C00222,P0953,0.73,0.73,0,11.2,0
C00223,P0646,0.27,22.61,2,198.8,1
C00224,P0796,0.88,2.41,2,13.1,0
C00225,P0028,0.85,0.41,0,3.3,0
C00226,P0620,0.78,1.92,1,1.3,0
C00227,P0556,0.99,0.23,0,8.8,0
C00228,P0340,0.82,0.18,0,1.1,0
C00229,P0798,0.83,1.57,0,10.2,0
C00230,P0958,0.93,0.08,0,11.7,0
C00231,P0331,0.7,0.74,1,16.6,0
C00232,P0640,0.83,2.62,0,10.2,0
C00233,P0506,0.79,0.42,1,4.4,0
C00234,P0348,0.96,0.04,0,0.6,0
C00235,P0473,0.91,2.42,0,11.3,0
C00236,P0231,0.76,2.82,0,5.3,0
C00237,P0190,0.97,0.58,0,8.8,0
C00238,P0225,0.99,0.95,0,4.1,0
C00239,P0385,0.8,0.35,2,4.4,0
C00240,P0377,0.76,0.24,1,4.9,0
C00241,P0283,0.86,1.17,1,16.8,0
C00242,P0958,0.98,2.09,1,6.5,0
C00243,P0633,0.84,1.74,0,4.1,0
C00244,P0628,0.65,0.99,0,13.3,0
C00245,P0973,0.68,0.12,0,9.0,0
C00246,P0745,0.35,33.08,3,195.8,1
C00247,P0259,0.96,1.01,0,1.5,0
C00248,P0359,0.66,1.13,0,0.8,0
C00249,P0710,0.98,2.81,0,17.6,0
C00250,P0456,0.63,1.3,1,15.3,0
C00251,P0411,0.71,5.66,0,20.8,0
C00252,P0649,0.39,17.09,2,183.9,1
C00253,P0318,0.83,5.5,1,16.6,0
C00254,P0677,0.98,0.04,1,16.8,0
C00255,P0225,0.71,0.28,0,10.3,0
C00256,P0819,0.75,0.11,0,23.3,0
C00257,P0234,0.75,0.49,0,0.5,0
C00258,P0684,0.93,3.5,0,4.4,0
C00259,P0664,0.92,1.62,1,15.3,0
C00260,P0975,0.84,1.07,1,9.3,0
C00261,P0827,0.69,1.97,0,2.0,0
C00262,P0374,0.62,1.85,1,2.6,0
C00263,P0672,0.87,0.17,0,1.8,0
C00264,P0608,0.67,0.45,0,0.5,0
C00265,P0472,0.76,1.43,0,4.8,0
C00266,P0233,0.94,0.31,0,0.6,0
C00267,P0692,0.63,1.71,0,21.0,0
C00268,P0113,0.82,6.43,0,1.0,0
C00269,P0830,0.62,0.41,0,10.4,0
C00270,P0497,0.62,5.84,1,0.8,0
C00271,P0442,0.67,0.27,0,7.3,0
C00272,P0564,0.7,0.89,3,4.8,0
C00273,P0268,0.82,0.16,0,11.1,0
C00274,P0510,0.86,1.06,0,5.4,0
C00275,P0807,0.61,0.82,0,1.0,0
C00276,P0386,0.38,33.97,4,103.0,1
C00277,P0387,0.92,2.26,0,6.4,0
C00278,P0113,0.97,0.15,0,4.3,0
C00279,P0613,0.91,9.79,0,20.7,0
C00280,P0625,0.33,18.99,5,235.4,1
C00281,P0952,0.77,1.73,2,0.6,0
C00282,P0081,0.88,0.3,0,8.0,0
C00283,P0699,0.76,1.47,1,11.3,0
C00284,P0113,0.76,0.29,0,29.8,0
C00285,P0002,0.95,4.75,1,4.4,0
C00286,P0642,0.27,29.35,4,173.2,1
C00287,P0220,0.82,1.69,0,13.6,0
C00288,P0566,0.61,0.88,1,3.0,0
C00289,P0855,0.88,1.68,1,9.4,0
C00290,P0997,0.8,0.29,0,5.4,0
C00291,P0736,0.84,1.44,0,0.1,0
C00292,P0225,0.8,0.67,1,8.8,0
C00293,P0385,0.98,0.38,0,1.0,0
C00294,P0403,0.85,1.6,0,7.4,0
C00295,P0638,0.96,0.44,0,19.8,0
C00296,P0130,0.83,4.43,0,16.6,0
C00297,P0053,0.17,39.99,4,119.2,1
C00298,P0684,0.72,1.62,0,5.6,0
C00299,P0730,0.25,13.26,1,184.3,1
C00300,P0672,0.69,0.67,0,16.7,0
C00301,P0710,0.61,2.1,1,27.0,0
C00302,P0416,0.61,0.33,1,8.3,0
C00303,P0247,0.87,2.27,3,21.2,0
C00304,P0836,0.62,0.53,1,2.5,0
C00305,P0439,0.66,3.92,0,11.2,0
C00306,P0203,0.7,2.84,1,5.3,0
C00307,P0184,0.68,7.51,1,3.6,0
C00308,P0123,0.31,40.63,5,198.0,1
C00309,P0401,0.08,30.18,4,157.3,1
C00310,P0767,0.71,0.44,2,13.9,0
C00311,P0294,0.96,3.74,0,31.3,0
C00312,P0280,0.75,0.83,0,6.7,0
C00313,P0837,0.64,0.57,0,16.5,0
C00314,P0884,0.95,0.72,2,1.6,0
C00315,P0610,0.88,5.8,1,6.9,0
C00316,P0198,0.86,1.43,0,3.7,0
C00317,P0982,0.32,44.46,5,287.0,1
C00318,P0907,0.73,3.91,0,12.2,0
C00319,P0511,0.9,2.26,0,20.6,0
C00320,P0752,0.67,0.11,1,18.9,0
C00321,P0144,0.75,0.37,1,2.1,0
C00322,P0609,0.89,1.43,0,6.2,0
C00323,P0201,0.33,43.18,5,271.0,1
C00324,P0124,0.89,0.24,0,21.7,0
C00325,P0187,0.02,48.46,5,246.1,1
C00326,P0326,0.76,0.3,0,7.9,0
C00327,P0464,0.99,0.92,0,4.2,0
C00328,P0349,0.81,1.16,1,7.1,0
C00329,P0771,0.66,8.12,0,0.8,0
C00330,P0660,0.27,33.81,5,160.6,1
C00331,P0764,0.18,20.27,7,73.1,1
C00332,P0955,0.68,1.08,0,0.0,0
C00333,P0932,0.97,3.71,1,1.3,0
C00334,P0403,0.63,2.57,1,1.3,0
C00335,P0346,0.2,23.95,4,298.6,1
C00336,P0963,0.69,0.11,0,0.4,0
C00337,P0511,0.76,3.24,0,5.9,0
C00338,P0147,0.87,1.42,2,15.1,0
C00339,P0148,0.78,8.99,0,43.3,0
C00340,P0864,0.9,0.57,0,48.5,0
C00341,P0711,0.94,0.2,1,0.1,0
C00342,P0820,0.16,19.39,3,133.9,1
C00343,P0489,0.7,0.53,0,2.1,0
C00344,P0929,0.82,0.69,0,4.7,0
C00345,P0936,0.35,46.21,2,288.8,1
C00346,P0640,0.62,0.71,0,3.9,0
C00347,P0551,0.07,41.33,2,76.9,1
C00348,P0338,0.96,0.42,1,0.8,0
C00349,P0872,0.98,0.57,1,19.2,0
C00350,P0641,0.01,30.47,7,150.5,1
C00351,P0779,0.76,1.57,0,11.8,0
C00352,P0988,0.67,0.74,0,15.9,0
C00353,P0953,0.9,2.07,0,7.9,0
C00354,P0473,0.63,0.95,0,0.4,0
C00355,P0946,0.71,6.23,1,0.4,0
C00356,P0151,0.67,1.0,1,14.4,0
C00357,P0415,0.04,49.25,4,95.0,1
C00358,P0990,0.98,4.99,1,16.5,0
C00359,P0298,0.63,0.82,0,10.1,0
C00360,P0611,0.74,0.32,0,16.8,0
C00361,P0263,0.75,0.28,0,2.7,0
C00362,P0764,0.72,2.06,0,11.9,0
C00363,P0144,0.15,42.96,3,86.4,1
C00364,P0346,0.95,0.84,1,11.7,0
C00365,P0624,0.73,0.11,1,4.9,0
C00366,P0572,0.63,0.32,0,0.9,0
C00367,P0881,0.96,0.01,0,1.3,0
C00368,P0002,0.72,5.21,0,33.8,0
C00369,P0897,0.68,2.71,0,21.6,0
C00370,P0304,0.82,1.53,0,1.8,0
C00371,P0254,0.97,0.79,0,14.3,0
C00372,P0652,0.74,6.08,1,21.3,0
C00373,P0453,0.62,0.59,0,2.6,0
C00374,P0037,0.9,5.03,0,4.2,0
C00375,P0160,0.98,1.18,0,4.3,0
C00376,P0009,0.96,1.68,2,5.7,0
C00377,P0233,0.94,0.9,2,13.5,0
C00378,P0099,0.92,3.73,0,0.5,0
C00379,P0659,0.76,2.24,0,13.8,0
C00380,P0816,0.74,2.01,0,13.8,0
C00381,P0208,0.82,0.46,0,13.8,0
C00382,P0131,0.79,0.49,3,6.4,0
C00383,P0404,0.96,1.49,1,5.9,0
C00384,P0152,0.05,18.24,0,69.4,1
C00385,P0054,0.99,0.56,1,8.0,0
C00386,P0120,0.66,2.6,0,13.1,0
C00387,P0673,0.91,7.41,0,4.2,0
C00388,P0920,0.86,0.14,1,4.0,0
C00389,P0628,0.93,1.82,0,6.4,0
C00390,P0587,0.34,23.6,4,163.3,1
C00391,P0625,0.67,2.45,0,10.1,0
C00392,P0968,0.68,0.48,0,3.9,0
C00393,P0420,0.82,3.9,1,30.6,0
C00394,P0422,0.29,47.21,2,234.3,1
C00395,P0104,0.65,0.72,0,8.3,0
C00396,P0852,0.84,0.36,0,9.6,0
C00397,P0254,0.99,2.6,2,2.1,0
C00398,P0227,0.87,1.95,0,6.7,0
C00399,P0112,0.21,23.38,3,80.4,1
C00400,P0510,0.17,36.33,6,138.7,1
C00401,P0473,0.89,0.07,0,4.1,0
C00402,P0099,0.37,10.48,3,293.4,1
C00403,P0153,0.81,1.9,0,6.6,0
C00404,P0861,0.17,13.0,3,181.2,1
C00405,P0914,0.91,0.13,0,1.3,0
C00406,P0896,0.61,0.11,1,0.5,0
C00407,P0878,0.78,3.72,0,5.5,0
C00408,P0338,0.62,1.19,0,8.5,0
C00409,P0706,0.73,0.76,0,4.6,0
C00410,P0822,0.64,2.91,3,12.1,0
C00411,P0163,0.71,1.99,0,6.6,0
C00412,P0720,0.9,0.66,0,25.9,0
C00413,P0957,0.62,1.33,1,7.9,0
C00414,P0681,0.7,0.84,1,7.2,0
C00415,P0996,0.04,10.64,3,223.9,1
C00416,P0161,0.97,1.71,0,8.7,0
C00417,P0580,0.91,1.04,1,23.0,0
C00418,P0801,0.85,0.28,0,2.3,0
C00419,P0398,0.36,40.42,4,114.2,1
C00420,P0277,0.85,0.08,0,6.3,0
C00421,P0816,0.66,8.35,0,1.4,0
C00422,P0916,0.68,2.93,0,8.3,0
C00423,P0504,0.01,11.38,4,279.2,1
C00424,P0896,0.76,3.54,0,27.4,0
C00425,P0392,0.9,5.67,1,27.8,0
C00426,P0135,0.71,0.81,1,26.5,0
C00427,P0195,0.08,41.92,2,127.9,1
C00428,P0401,0.72,8.14,1,37.6,0
C00429,P0640,0.75,3.24,0,20.4,0
C00430,P0033,0.07,47.91,4,166.7,1
C00431,P0688,0.9,0.52,0,3.6,0
C00432,P0460,0.79,0.37,0,5.1,0
C00433,P0955,0.62,1.75,1,9.1,0
C00434,P0883,0.87,1.09,1,7.0,0
C00435,P0470,0.6,2.35,1,4.6,0
C00436,P0375,0.99,1.09,0,24.1,0
C00437,P0022,0.89,1.74,2,6.4,0
C00438,P0750,0.75,6.8,1,19.9,0
C00439,P0670,0.19,12.75,6,293.2,1
C00440,P0038,0.81,0.69,0,19.5,0
C00441,P0230,0.12,17.71,3,114.6,1
C00442,P0365,0.67,0.81,1,44.3,0
C00443,P0563,0.19,17.17,4,83.2,1
C00444,P0438,0.89,0.66,0,0.4,0
C00445,P0776,0.61,2.98,0,6.3,0
C00446,P0283,0.84,1.12,0,15.3,0
C00447,P0027,0.0,40.48,7,207.6,1
C00448,P0226,0.97,6.54,0,6.0,0
C00449,P0277,0.71,6.38,0,8.7,0
C00450,P0798,0.71,0.65,0,67.2,0
C00451,P0609,0.62,1.73,0,1.7,0
C00452,P0284,0.78,1.43,0,3.8,0
C00453,P0879,0.63,0.72,2,8.5,0
C00454,P0960,0.96,0.01,2,1.8,0
C00455,P0481,0.98,1.54,0,3.0,0
C00456,P0453,0.78,2.36,2,7.7,0
C00457,P0829,0.81,1.04,0,37.9,0
C00458,P0816,0.94,1.38,0,2.6,0
C00459,P0659,0.82,2.37,0,46.3,0
C00460,P0516,0.84,0.93,1,4.9,0
C00461,P0547,0.74,1.13,1,15.8,0
C00462,P0192,0.83,0.84,1,2.5,0
C00463,P0049,0.8,0.6,0,10.4,0
C00464,P0512,0.8,1.18,1,19.9,0
C00465,P0017,0.66,1.68,1,12.7,0
C00466,P0172,0.75,0.19,0,5.0,0
C00467,P0220,0.95,0.56,2,4.3,0
C00468,P0158,0.96,6.8,0,3.9,0
C00469,P0477,0.81,2.33,0,13.3,0
C00470,P0046,0.62,0.1,0,4.4,0
C00471,P0373,0.73,1.35,0,2.1,0
C00472,P0518,0.72,7.37,0,5.9,0
C00473,P0099,0.83,8.19,0,11.4,0
C00474,P0892,0.29,34.29,2,203.1,1
C00475,P0745,0.9,0.47,1,18.6,0
C00476,P0037,0.78,0.49,0,30.6,0
C00477,P0280,0.63,0.44,0,9.7,0
C00478,P0349,0.82,0.27,0,2.7,0
C00479,P0497,0.69,1.06,1,4.6,0
C00480,P0302,0.76,7.5,2,0.7,0
C00481,P0181,0.73,0.62,0,15.0,0
C00482,P0607,0.94,3.73,0,11.6,0
C00483,P0099,0.73,0.13,1,5.3,0
C00484,P0700,0.73,2.36,1,16.7,0
C00485,P0993,0.72,1.18,1,43.7,0
C00486,P0116,0.69,2.17,1,1.7,0
C00487,P0191,0.3,32.73,5,211.6,1
C00488,P0253,0.81,0.11,0,6.8,0
C00489,P0981,0.72,0.4,0,3.9,0
C00490,P0928,0.7,1.25,0,26.3,0
C00491,P0983,0.95,2.46,0,15.0,0
C00492,P0161,0.32,40.71,5,186.9,1
C00493,P0256,0.61,2.04,0,5.7,0
C00494,P0323,0.12,31.82,3,85.0,1
C00495,P0128,0.66,4.19,0,6.3,0
C00496,P0018,0.04,35.98,4,71.8,1
C00497,P0793,0.7,0.29,0,4.9,0
C00498,P0735,0.98,1.89,1,1.2,0
C00499,P0566,0.89,0.64,1,60.6,0
C00500,P0570,0.71,0.65,1,11.9,0
C00501,P0323,0.89,3.62,2,17.3,0
C00502,P0872,0.86,2.08,0,10.5,0
C00503,P0686,0.99,4.86,0,0.4,0
C00504,P0792,0.74,3.5,1,0.6,0
C00505,P0626,0.77,1.27,1,3.7,0
C00506,P0288,0.81,0.14,1,6.5,0
C00507,P0943,0.74,2.29,1,3.1,0
C00508,P0854,0.73,0.27,1,9.1,0
C00509,P0663,0.95,4.43,0,6.1,0
C00510,P0962,0.63,2.22,1,5.5,0
C00511,P0639,0.94,4.19,0,8.0,0
C00512,P0155,0.68,0.21,2,0.5,0
C00513,P0490,0.94,1.15,0,7.9,0
C00514,P0386,0.64,2.83,0,2.1,0
C00515,P0986,0.68,0.41,0,8.9,0
C00516,P0785,0.94,0.04,0,8.5,0
C00517,P0104,0.93,0.79,0,9.1,0
C00518,P0929,0.71,0.05,1,8.7,0
C00519,P0393,0.3,37.01,2,91.2,1
C00520,P0811,0.87,3.91,1,2.0,0
C00521,P0246,0.64,3.35,0,9.6,0
C00522,P0176,0.91,2.43,1,13.8,0
C00523,P0039,0.94,0.67,1,31.7,0
C00524,P0477,0.61,1.73,0,12.5,0
C00525,P0682,0.07,19.42,3,242.2,1
C00526,P0759,0.8,4.86,0,10.4,0
C00527,P0538,0.69,0.34,1,14.1,0
C00528,P0867,0.12,27.92,4,195.5,1
C00529,P0818,0.7,4.94,0,22.6,0
C00530,P0921,0.64,2.14,1,34.5,0
C00531,P0408,0.78,5.83,1,2.1,0
C00532,P0525,0.72,0.2,0,1.1,0
C00533,P0828,0.77,3.18,0,1.4,0
C00534,P0506,0.26,17.89,1,281.7,1
C00535,P0903,0.93,0.87,1,11.3,0
C00536,P0825,0.87,1.98,0,0.4,0
C00537,P0036,0.78,4.43,0,17.9,0
C00538,P0685,1.0,0.36,1,39.1,0
C00539,P0020,0.99,2.32,0,16.0,0
C00540,P0321,0.64,3.03,1,10.0,0
C00541,P0776,0.77,1.15,0,14.4,0
C00542,P0512,0.97,5.65,0,20.8,0
C00543,P0400,0.89,0.58,0,3.1,0
C00544,P0654,0.96,2.01,1,12.7,0
C00545,P0972,0.61,0.94,1,17.3,0
C00546,P0883,0.69,2.11,0,9.1,0
C00547,P0471,0.64,0.03,1,17.1,0
C00548,P0143,0.4,18.46,6,294.6,1
C00549,P0092,0.99,0.36,0,1.1,0
C00550,P0354,0.71,3.39,0,0.9,0
C00551,P0834,0.74,7.97,1,1.8,0
C00552,P0800,0.99,3.44,0,0.7,0
C00553,P0727,0.62,0.26,0,26.4,0
C00554,P0959,0.8,3.7,0,12.3,0
C00555,P0854,0.89,0.38,0,10.1,0
C00556,P0051,0.63,0.9,0,55.8,0
C00557,P0665,0.79,3.39,0,15.9,0
C00558,P0698,0.84,4.35,0,9.3,0
C00559,P0575,0.25,26.7,1,64.0,1
C00560,P0190,0.95,0.54,0,13.3,0
C00561,P0125,0.73,1.41,0,32.1,0
C00562,P0150,0.94,3.99,0,14.4,0
C00563,P0314,0.66,0.02,0,8.8,0
C00564,P0570,0.78,1.46,0,5.5,0
C00565,P0342,0.89,1.17,1,16.8,0
C00566,P0305,0.24,18.43,4,268.1,1
C00567,P0692,0.87,1.19,0,2.3,0
C00568,P0682,0.85,0.89,1,6.7,0
C00569,P0838,0.83,4.97,1,12.7,0
C00570,P0783,0.83,1.36,0,6.2,0
C00571,P0054,0.7,4.93,0,30.4,0
C00572,P0444,0.81,2.0,0,1.4,0
C00573,P0613,0.75,0.21,1,15.1,0
C00574,P0993,0.09,16.58,5,296.3,1
C00575,P0264,0.87,0.67,0,1.2,0
C00576,P0053,0.99,0.38,1,12.6,0
C00577,P0572,0.91,2.24,1,0.8,0
C00578,P0620,0.73,0.57,1,13.2,0
C00579,P0005,0.87,0.48,0,3.3,0
C00580,P0103,0.76,0.53,0,21.2,0
C00581,P0196,0.99,0.84,0,0.1,0
C00582,P0774,0.87,3.49,0,1.7,0
C00583,P0877,0.92,1.92,0,9.7,0
C00584,P0992,0.72,0.92,2,29.4,0
C00585,P0884,0.16,40.87,7,253.2,1
C00586,P0350,0.94,0.68,1,1.6,0
C00587,P0047,0.82,1.72,1,32.3,0
C00588,P0867,0.62,0.31,0,8.4,0
C00589,P0823,0.97,2.19,1,7.8,0
C00590,P0936,0.78,1.38,0,11.5,0
C00591,P0820,0.2,40.61,3,269.4,1
C00592,P0656,0.85,0.34,1,0.8,0
C00593,P0269,0.85,0.58,3,6.1,0
C00594,P0370,0.9,0.28,0,7.9,0
C00595,P0636,0.64,1.08,2,1.0,0
C00596,P0106,0.71,4.16,0,12.7,0
C00597,P0670,0.64,1.95,0,15.6,0
C00598,P0659,0.09,35.57,4,202.5,1
C00599,P0657,0.65,1.12,0,12.1,0
C00600,P0120,0.9,0.22,0,16.9,0
C00601,P0831,0.97,1.44,1,5.0,0
C00602,P0787,0.94,1.36,0,6.7,0
C00603,P0604,0.94,3.57,0,4.1,0
C00604,P0058,0.8,1.7,0,15.8,0
C00605,P0951,0.79,0.81,0,2.7,0
C00606,P0346,0.98,0.73,0,6.2,0
C00607,P0741,0.72,0.07,0,7.9,0
C00608,P0474,0.82,0.88,0,33.7,0
C00609,P0117,0.15,20.33,3,230.2,1
C00610,P0830,0.61,1.09,1,8.3,0
C00611,P0791,0.68,2.71,0,19.1,0
C00612,P0127,0.68,4.15,0,12.8,0
C00613,P0393,0.13,46.24,2,79.7,1
C00614,P0908,0.08,47.75,8,221.3,1
C00615,P0641,0.62,0.24,0,75.3,0
C00616,P0058,0.92,3.09,0,3.6,0
C00617,P0634,0.66,0.67,0,14.1,0
C00618,P0513,0.82,0.16,0,1.1,0
C00619,P0751,0.76,5.41,1,6.3,0
C00620,P0802,0.74,0.23,2,7.2,0
C00621,P0096,0.79,1.96,1,7.8,0
C00622,P0638,0.62,0.13,0,0.3,0
C00623,P0118,0.9,2.57,0,18.1,0
C00624,P0560,0.66,0.72,0,4.7,0
C00625,P0601,0.7,1.34,0,43.1,0
C00626,P0488,0.62,0.31,0,9.8,0
C00627,P0237,0.62,3.62,0,7.5,0
C00628,P0885,0.82,0.37,0,3.8,0
C00629,P0897,0.84,0.47,0,35.1,0
C00630,P0272,0.01,42.11,3,227.4,1
C00631,P0189,0.86,3.05,2,2.8,0
C00632,P0999,0.94,0.47,0,12.1,0
C00633,P0704,0.76,5.05,1,29.5,0
C00634,P0447,0.7,0.82,0,0.5,0
C00635,P0581,0.8,0.26,0,4.3,0
C00636,P0790,0.91,3.25,0,4.6,0
C00637,P0861,0.15,16.06,4,210.8,1
C00638,P0247,0.65,8.53,1,8.6,0
C00639,P0963,0.36,32.16,6,280.8,1
C00640,P0076,0.04,31.77,6,171.3,1
C00641,P0154,0.67,0.82,0,5.1,0
C00642,P0656,0.22,34.78,3,264.4,1
C00643,P0435,0.66,7.36,1,39.9,0
C00644,P0997,0.64,0.72,1,26.4,0
C00645,P0086,0.63,1.59,0,10.6,0
C00646,P0697,0.1,24.58,6,196.5,1
C00647,P0285,0.35,27.28,5,268.3,1
C00648,P0974,0.95,0.86,0,12.9,0
C00649,P0220,0.72,3.06,0,6.6,0
C00650,P0069,0.91,0.96,0,4.7,0
C00651,P0047,0.75,1.49,1,7.4,0
C00652,P0094,0.87,0.63,0,27.1,0
C00653,P0750,0.89,1.72,1,9.6,0
C00654,P0958,0.8,1.58,0,0.8,0
C00655,P0453,0.68,6.02,0,6.3,0
C00656,P0204,0.02,11.5,5,105.6,1
C00657,P0912,0.78,0.67,0,10.4,0
C00658,P0218,0.86,3.48,0,0.8,0
C00659,P0474,0.71,7.82,0,12.4,0
C00660,P0432,0.0,30.73,4,170.0,1
C00661,P0341,0.38,36.94,2,172.8,1
C00662,P0551,0.78,1.75,0,1.8,0
C00663,P0612,0.8,3.55,1,27.4,0
C00664,P0289,0.96,0.47,0,13.5,0
C00665,P0254,0.93,6.88,1,7.6,0
C00666,P0734,0.61,0.57,0,9.9,0
C00667,P0357,0.82,2.71,0,8.3,0
C00668,P0023,0.64,1.07,1,46.7,0
C00669,P0762,0.71,1.38,0,5.8,0
C00670,P0522,0.94,2.31,1,20.7,0
C00671,P0758,0.62,4.39,0,3.8,0
C00672,P0837,0.8,5.65,0,4.3,0
C00673,P0100,0.34,25.84,5,297.2,1
C00674,P0802,0.79,0.12,0,5.7,0
C00675,P0180,0.06,47.9,8,192.6,1
C00676,P0223,0.65,0.27,0,3.1,0
C00677,P0906,0.61,2.57,0,9.0,0
C00678,P0762,0.82,6.94,0,0.7,0
C00679,P0659,0.82,3.68,1,3.9,0
C00680,P0442,0.96,0.42,1,0.4,0
C00681,P0608,0.74,0.62,2,16.7,0
C00682,P0769,0.62,1.54,0,27.2,0
C00683,P0325,0.91,2.15,1,34.7,0
C00684,P0516,0.89,5.17,0,1.2,0
C00685,P0016,0.81,0.27,0,6.6,0
C00686,P0792,0.85,0.02,0,6.8,0
C00687,P0336,0.98,0.97,0,12.5,0
C00688,P0759,0.84,0.71,0,2.5,0
C00689,P0258,0.99,0.28,0,0.3,0
C00690,P0497,0.09,41.22,1,173.9,1
C00691,P0988,0.6,0.18,2,19.3,0
C00692,P0896,0.87,0.11,2,7.1,0
C00693,P0160,0.09,43.81,4,250.2,1
C00694,P0475,0.67,0.14,1,18.0,0
C00695,P0852,0.75,3.69,0,23.2,0
C00696,P0664,0.97,0.02,0,2.9,0
C00697,P0908,0.87,4.38,0,9.3,0
C00698,P0690,0.68,3.27,1,6.8,0
C00699,P0675,0.63,1.64,0,1.6,0
C00700,P0380,0.78,0.81,0,8.8,0
C00701,P0545,0.6,2.86,1,0.5,0
C00702,P0929,0.3,48.21,2,198.5,1
C00703,P0957,0.66,0.88,1,4.9,0
C00704,P0691,0.77,1.65,0,0.8,0
C00705,P0427,0.95,0.16,2,4.6,0
C00706,P0613,0.83,4.27,2,11.1,0
C00707,P0268,0.76,1.27,0,2.1,0
C00708,P0835,0.92,1.21,0,4.8,0
C00709,P0577,0.94,2.76,0,1.2,0
C00710,P0417,0.1,46.83,6,91.0,1
C00711,P0168,0.81,5.52,0,20.4,0
C00712,P0842,0.91,0.57,0,1.1,0
C00713,P0043,0.89,0.45,0,7.0,0
C00714,P0556,0.89,0.24,0,6.6,0
C00715,P0285,0.82,3.41,0,16.5,0
C00716,P0397,0.88,1.62,1,1.5,0
C00717,P0012,0.87,1.49,1,23.7,0
C00718,P0607,0.83,0.18,0,14.1,0
C00719,P0302,0.92,1.36,1,5.3,0
C00720,P0898,0.96,4.53,1,0.9,0
C00721,P0253,0.95,0.77,0,2.7,0
C00722,P0499,0.77,0.58,0,1.5,0
C00723,P0754,0.72,1.7,0,4.3,0
C00724,P0035,0.9,4.48,1,13.6,0
C00725,P0727,0.66,0.28,0,16.5,0
C00726,P0849,0.7,0.13,0,19.6,0
C00727,P0090,0.85,0.58,0,7.5,0
C00728,P0776,0.86,0.53,1,11.8,0
C00729,P0605,0.01,24.91,2,249.6,1
C00730,P0922,0.69,2.26,1,13.5,0
C00731,P0970,0.26,24.22,5,170.2,1
C00732,P0602,0.93,5.32,0,10.8,0
C00733,P0418,0.96,0.21,0,12.3,0
C00734,P0115,0.93,3.89,0,0.9,0
C00735,P0617,0.78,0.52,0,14.8,0
C00736,P0903,0.63,3.52,0,9.1,0
C00737,P0196,0.64,0.82,0,32.6,0
C00738,P0826,0.92,1.23,0,27.1,0
C00739,P0501,0.74,0.35,0,28.8,0
C00740,P0626,0.6,0.54,1,1.2,0
C00741,P0493,0.83,3.96,0,52.1,0
C00742,P0075,0.87,0.15,1,3.4,0
C00743,P0413,0.82,0.73,0,0.0,0
C00744,P0376,0.78,3.63,0,71.4,0
C00745,P0420,0.71,0.66,0,1.8,0
C00746,P0729,0.71,3.15,2,21.3,0
C00747,P0277,0.13,14.51,4,236.8,1
C00748,P0761,0.18,49.57,2,180.8,1
C00749,P0676,0.73,2.61,3,8.0,0
C00750,P0394,0.93,0.72,0,3.8,0
C00751,P0869,0.79,0.67,1,1.0,0
C00752,P0457,0.81,0.12,0,2.5,0
C00753,P0920,0.79,1.14,1,5.6,0
C00754,P0192,0.73,0.76,1,0.1,0
C00755,P0739,0.92,1.3,0,2.7,0
C00756,P0689,0.37,44.38,7,111.2,1
C00757,P0099,0.87,1.04,1,7.2,0
C00758,P0548,0.97,4.69,0,4.6,0
C00759,P0978,0.85,0.35,2,1.3,0
C00760,P0999,0.03,46.38,4,114.4,1
C00761,P0096,0.97,4.78,1,4.0,0
C00762,P0664,0.85,0.64,1,0.7,0
C00763,P0663,0.96,6.33,0,7.6,0
C00764,P0190,0.72,1.0,0,8.6,0
C00765,P0736,0.98,1.4,0,9.7,0
C00766,P0037,0.74,3.87,0,2.1,0
C00767,P0780,0.68,2.93,0,14.6,0
C00768,P0369,0.68,0.78,0,28.7,0
C00769,P0695,0.97,0.46,0,1.6,0
C00770,P0525,0.8,1.23,2,6.8,0
C00771,P0279,0.96,3.29,0,3.9,0
C00772,P0217,0.77,0.52,0,0.4,0
C00773,P0867,0.86,0.61,0,2.6,0
C00774,P0873,0.92,3.81,0,5.4,0
C00775,P0798,0.39,18.02,2,151.0,1
C00776,P0273,0.96,1.91,0,27.2,0
C00777,P0881,0.62,0.47,0,9.6,0
C00778,P0062,0.62,1.03,1,10.2,0
C00779,P0596,0.73,0.2,0,1.4,0
C00780,P0880,0.98,1.29,0,14.5,0
C00781,P0729,0.8,0.74,2,0.5,0
C00782,P0342,0.83,2.88,0,2.6,0
C00783,P0397,0.95,0.04,1,5.9,0
C00784,P0699,0.6,3.42,0,7.8,0
C00785,P0019,0.87,2.43,1,5.1,0
C00786,P0177,0.98,2.06,0,1.4,0
C00787,P0612,0.94,0.9,1,2.2,0
C00788,P0396,0.84,0.13,0,7.9,0
C00789,P0445,0.77,2.76,2,2.2,0
C00790,P0233,0.21,47.39,5,67.5,1
C00791,P0915,0.98,0.55,0,0.9,0
C00792,P0076,0.97,1.73,2,9.7,0
C00793,P0265,0.62,0.41,2,4.7,0
C00794,P0455,0.81,0.0,0,2.3,0
C00795,P0796,0.7,3.28,0,2.1,0
C00796,P0718,0.8,4.01,0,0.8,0
C00797,P0735,0.74,2.75,0,17.0,0
C00798,P0384,0.98,3.15,0,6.8,0
C00799,P0564,0.62,8.31,0,1.7,0
C00800,P0851,0.87,0.67,0,8.8,0
C00801,P0506,0.78,3.62,0,6.0,0
C00802,P0367,0.22,36.54,5,235.1,1
C00803,P0144,0.61,0.46,0,21.1,0
C00804,P0885,0.81,5.31,0,6.7,0
C00805,P0069,0.05,42.11,7,204.2,1
C00806,P0099,0.61,1.38,0,2.0,0
C00807,P0396,0.75,1.13,1,7.0,0
C00808,P0025,0.67,1.71,1,13.4,0
C00809,P0948,0.73,2.9,0,6.6,0
C00810,P0891,0.86,0.04,1,3.7,0
C00811,P0469,0.63,0.19,2,4.4,0
C00812,P0484,0.84,3.61,0,2.7,0
C00813,P0565,0.36,10.37,4,66.8,1
C00814,P0151,0.7,4.27,0,12.7,0
C00815,P0144,0.97,1.05,0,7.3,0
C00816,P0569,0.96,3.26,0,11.8,0
C00817,P0039,0.83,4.76,0,7.6,0
C00818,P0109,0.95,1.06,0,0.7,0
C00819,P0693,0.11,22.98,4,176.7,1
C00820,P0042,0.9,4.03,1,1.3,0
C00821,P0186,0.98,0.28,1,27.1,0
C00822,P0935,0.89,2.8,0,5.9,0
C00823,P0398,0.25,40.8,5,170.8,1
C00824,P0223,0.73,1.74,1,9.9,0
C00825,P0634,0.88,2.48,0,19.6,0
C00826,P0133,0.78,0.61,0,6.6,0
C00827,P0163,0.35,25.13,5,180.3,1
C00828,P0215,0.69,1.05,1,2.6,0
C00829,P0733,0.37,33.7,5,102.3,1
C00830,P0235,0.93,1.56,0,14.5,0
C00831,P0843,0.97,5.89,0,1.5,0
C00832,P0658,0.81,0.24,1,2.9,0
C00833,P0751,0.76,0.97,1,1.9,0
C00834,P0588,0.71,1.42,0,9.5,0
C00835,P0009,0.83,2.51,3,1.4,0
C00836,P0074,0.72,4.51,2,29.5,0
C00837,P0954,0.77,0.02,0,0.5,0
C00838,P0492,0.82,0.83,0,9.5,0
C00839,P0913,0.35,36.48,5,71.3,1
C00840,P0253,0.27,44.51,6,192.6,1
C00841,P0230,0.62,0.09,1,3.0,0
C00842,P0519,0.68,2.22,0,16.4,0
C00843,P0174,0.63,0.43,0,6.6,0
C00844,P0653,0.74,0.77,2,5.6,0
C00845,P0168,0.95,0.72,0,14.2,0
C00846,P0170,0.84,1.69,0,1.5,0
C00847,P0393,0.85,0.47,0,7.9,0
C00848,P0946,0.71,5.93,2,1.1,0
C00849,P0795,0.8,0.35,1,6.7,0
C00850,P0634,0.75,2.04,0,5.6,0
C00851,P0194,0.71,4.37,0,24.5,0
C00852,P0517,0.93,0.71,1,34.1,0
C00853,P0029,0.81,0.72,0,0.7,0
C00854,P0165,1.0,0.08,1,29.7,0
C00855,P0422,0.7,1.52,0,12.1,0
C00856,P0339,0.03,17.75,3,111.7,1
C00857,P0648,0.94,5.7,0,4.3,0
C00858,P0496,0.69,0.1,0,10.6,0
C00859,P0365,0.81,5.77,0,11.8,0
C00860,P0833,0.8,1.44,0,6.1,0
C00861,P0342,0.79,2.45,1,0.4,0
C00862,P0500,0.8,1.57,0,14.3,0
C00863,P0657,0.99,5.83,0,20.8,0
C00864,P0511,0.28,28.15,6,276.2,1
C00865,P0327,0.87,2.01,0,9.3,0
C00866,P0217,0.65,0.16,0,5.2,0
C00867,P0301,0.84,0.19,0,1.9,0
C00868,P0132,0.99,1.65,1,1.0,0
C00869,P0804,0.99,0.67,0,10.5,0
C00870,P0070,0.61,3.32,0,3.3,0
C00871,P0252,0.62,0.35,2,0.7,0
C00872,P0415,0.88,1.7,0,4.5,0
C00873,P0787,0.69,2.21,1,9.1,0
C00874,P0445,0.77,1.18,0,17.4,0
C00875,P0876,0.79,1.57,0,2.0,0
C00876,P0182,0.63,2.5,0,11.7,0
C00877,P0167,0.76,1.07,0,4.6,0
C00878,P0091,0.64,0.74,1,3.4,0
C00879,P0714,0.78,0.43,0,0.2,0
C00880,P0858,0.96,0.47,0,3.3,0
C00881,P0531,0.05,35.57,1,214.7,1
C00882,P0039,0.74,2.46,0,3.0,0
C00883,P0126,0.86,0.25,0,5.7,0
C00884,P0451,0.71,1.85,2,5.2,0
C00885,P0173,0.69,0.59,0,4.6,0
C00886,P0653,0.37,24.73,5,256.3,1
C00887,P0754,0.02,44.83,4,269.2,1
C00888,P0220,0.78,0.84,0,5.8,0
C00889,P0638,0.8,1.03,1,32.5,0
C00890,P0058,0.84,3.3,0,5.1,0
C00891,P0660,0.13,32.78,2,264.1,1
C00892,P0476,0.69,2.21,0,17.9,0
C00893,P0456,0.65,0.28,0,29.3,0
C00894,P0829,0.77,0.79,1,18.1,0
C00895,P0895,1.0,0.05,0,9.4,0
C00896,P0361,0.93,0.67,0,15.5,0
C00897,P0935,0.62,0.92,0,8.2,0
C00898,P0001,0.89,0.88,1,7.9,0
C00899,P0387,0.86,0.6,0,1.3,0
C00900,P0973,0.69,1.39,1,15.6,0
C00901,P0348,0.74,1.04,0,2.1,0
C00902,P0190,0.62,1.79,1,0.5,0
C00903,P0505,0.91,0.58,1,29.1,0
C00904,P0191,0.76,2.17,0,10.0,0
C00905,P0508,0.78,0.42,0,7.5,0
C00906,P0369,0.92,2.66,1,12.8,0
C00907,P0409,0.8,4.49,1,17.2,0
C00908,P0824,0.62,0.92,0,1.6,0
C00909,P0929,0.9,0.02,0,8.7,0
C00910,P0934,0.89,4.97,1,5.0,0
C00911,P0117,0.6,0.26,0,11.2,0
C00912,P0134,0.77,2.62,0,0.8,0
C00913,P0058,0.68,3.67,2,46.3,0
C00914,P0556,0.68,0.02,1,11.0,0
C00915,P0685,0.67,1.74,1,11.1,0
C00916,P0672,0.68,1.96,0,2.4,0
C00917,P0173,0.73,0.39,1,2.8,0
C00918,P0829,0.78,0.77,2,19.7,0
C00919,P0815,0.83,0.34,1,10.5,0
C00920,P0149,0.96,1.16,2,9.2,0
C00921,P0080,0.73,8.22,1,4.0,0
C00922,P0886,0.85,0.12,0,6.0,0
C00923,P0213,0.73,1.15,0,1.8,0
C00924,P0203,0.88,1.45,0,3.9,0
C00925,P0764,0.84,0.15,0,0.8,0
C00926,P0229,0.92,2.79,1,11.1,0
C00927,P0676,0.79,2.06,0,9.7,0
C00928,P0227,0.91,1.39,0,3.2,0
C00929,P0659,0.26,37.71,7,239.8,1
C00930,P0532,0.39,12.94,3,175.8,1
C00931,P0441,0.64,2.92,1,3.7,0
C00932,P0402,0.94,0.15,1,9.0,0
C00933,P0047,0.97,2.27,0,11.7,0
C00934,P0233,0.74,0.65,2,4.4,0
C00935,P0305,0.62,0.06,0,14.4,0
C00936,P0526,0.81,3.68,0,4.6,0
C00937,P0143,0.69,1.19,0,30.8,0
C00938,P0415,0.69,5.11,0,42.4,0
C00939,P0513,0.82,5.34,0,13.8,0
C00940,P0373,0.96,0.3,0,5.5,0
C00941,P0566,0.97,1.56,0,1.5,0
C00942,P0886,0.6,3.32,0,10.0,0
C00943,P0259,0.97,0.47,1,9.3,0
C00944,P0656,0.67,2.66,0,6.2,0
C00945,P0471,0.84,0.38,1,10.9,0
C00946,P0953,0.66,2.33,0,5.5,0
C00947,P0971,0.7,2.76,0,21.3,0
C00948,P0012,0.96,0.44,1,5.0,0
C00949,P0330,0.89,2.15,1,4.7,0
C00950,P0736,0.04,38.76,4,66.2,1
C00951,P0784,0.74,3.25,1,6.1,0
C00952,P0968,0.61,4.23,0,29.0,0
C00953,P0358,0.2,23.68,2,191.7,1
C00954,P0972,0.69,1.12,1,0.0,0
C00955,P0408,0.97,0.36,0,3.1,0
C00956,P0668,0.62,0.26,1,1.2,0
C00957,P0373,0.64,2.54,1,0.2,0
C00958,P0008,0.69,0.12,0,5.6,0
C00959,P0122,0.69,1.45,0,28.2,0
C00960,P0348,0.96,1.67,0,4.8,0
C00961,P0676,0.76,2.6,0,19.4,0
C00962,P0090,0.98,0.82,0,1.0,0
C00963,P0648,0.68,1.07,0,20.9,0
C00964,P0698,0.66,1.22,0,11.8,0
C00965,P0316,0.75,4.07,0,5.8,0
C00966,P0178,0.63,1.25,1,17.8,0
C00967,P0540,0.8,0.25,0,3.6,0
C00968,P0732,0.88,3.12,0,6.8,0
C00969,P0869,0.77,1.06,0,1.5,0
C00970,P0041,0.68,0.11,0,0.1,0
C00971,P0740,0.25,22.66,4,261.4,1
C00972,P0704,0.61,5.63,1,7.8,0
C00973,P0923,0.86,0.98,1,0.6,0
C00974,P0502,0.78,1.6,1,17.3,0
C00975,P0959,0.68,1.0,0,5.1,0
C00976,P0145,0.66,1.4,1,6.7,0
C00977,P0201,0.34,38.24,4,124.6,1
C00978,P0929,0.92,0.09,1,15.9,0
C00979,P0724,0.76,1.36,1,7.7,0
C00980,P0461,0.62,0.0,0,11.4,0
C00981,P0732,0.65,0.24,0,10.4,0
C00982,P0752,0.88,0.39,0,28.2,0
C00983,P0925,0.7,3.84,2,17.2,0
C00984,P0909,0.91,1.82,0,3.0,0
C00985,P0558,0.65,1.43,0,4.5,0
C00986,P0547,0.79,0.9,1,1.8,0
C00987,P0253,0.15,15.63,5,204.7,1
C00988,P0390,0.62,4.48,0,11.1,0
C00989,P0594,0.93,0.33,0,21.1,0
C00990,P0883,0.73,0.28,0,9.1,0
C00991,P0256,0.61,0.64,0,5.5,0
C00992,P0709,0.36,49.31,4,281.2,1
C00993,P0815,0.9,2.63,1,2.4,0
C00994,P0921,0.88,0.5,0,15.2,0
C00995,P0450,0.31,28.13,5,88.0,1
C00996,P0010,0.71,0.47,0,23.9,0
C00997,P0824,0.04,38.81,4,241.6,1
C00998,P0798,0.7,2.37,0,18.3,0
C00999,P0242,0.78,2.03,0,11.3,0
C01000,P0251,0.91,1.28,1,22.5,0
C01001,P0877,0.8,3.69,1,2.6,0
C01002,P0005,0.16,43.05,5,86.2,1
C01003,P0119,0.92,0.21,0,19.3,0
C01004,P0801,0.74,7.23,1,0.4,0
C01005,P0374,0.88,1.2,0,12.3,0
C01006,P0065,0.61,4.08,0,1.4,0
C01007,P0146,0.67,6.45,1,5.1,0
C01008,P0224,0.13,19.38,5,291.8,1
C01009,P0239,0.61,1.31,0,6.0,0
C01010,P0177,0.83,1.14,0,13.2,0
C01011,P0779,0.87,3.58,0,9.4,0
C01012,P0853,0.83,0.92,0,3.8,0
C01013,P0282,0.66,0.48,0,11.5,0
C01014,P0063,0.86,6.02,1,21.6,0
C01015,P0217,0.35,27.73,5,165.8,1
C01016,P0854,0.83,3.39,1,0.5,0
C01017,P0827,0.92,1.85,0,6.8,0
C01018,P0795,0.9,2.94,0,3.6,0
C01019,P0689,0.39,36.53,4,187.2,1
C01020,P0461,0.72,1.98,0,10.6,0
C01021,P0929,0.71,0.0,0,27.1,0
C01022,P0610,0.95,0.53,1,35.4,0
C01023,P0105,0.75,2.29,0,5.0,0
C01024,P0099,0.99,1.55,0,1.3,0
C01025,P0511,0.88,2.07,0,30.1,0
C01026,P0385,0.61,0.72,1,2.9,0
C01027,P0405,0.81,3.47,0,28.7,0
C01028,P0823,0.32,17.25,5,161.0,1
C01029,P0518,0.79,0.94,0,0.5,0
C01030,P0476,0.87,1.15,0,16.9,0
C01031,P0977,0.92,1.33,0,10.2,0
C01032,P0709,0.72,0.54,1,1.0,0
C01033,P0863,0.6,0.33,0,54.7,0
C01034,P0645,0.72,0.32,0,27.5,0
C01035,P0870,0.81,0.91,1,4.1,0
C01036,P0771,0.68,0.95,0,11.3,0
C01037,P0437,0.72,1.72,0,2.1,0
C01038,P0023,0.76,5.53,0,10.9,0
C01039,P0997,0.7,0.27,0,3.6,0
C01040,P0565,0.66,0.38,1,8.2,0
C01041,P0677,0.75,1.41,0,3.8,0
C01042,P0714,0.72,2.64,1,1.0,0
C01043,P0458,0.96,0.86,0,4.5,0
C01044,P0083,0.65,1.78,0,2.3,0
C01045,P0145,0.78,3.19,0,1.0,0
C01046,P0085,0.82,2.43,1,1.7,0
C01047,P0078,0.88,2.26,0,5.3,0
C01048,P0457,0.13,36.78,6,209.5,1
C01049,P0878,0.17,44.39,4,104.0,1
C01050,P0001,0.3,10.88,1,217.7,1
C01051,P0051,0.75,1.89,1,1.1,0
C01052,P0685,0.63,1.78,0,13.6,0
C01053,P0717,0.2,26.9,1,140.5,1
C01054,P0772,0.99,4.14,0,8.9,0
C01055,P0446,0.94,1.16,0,0.8,0
C01056,P0449,0.8,6.98,1,2.1,0
C01057,P0881,0.91,3.68,1,0.3,0
C01058,P0488,0.33,41.53,3,108.3,1
C01059,P0800,0.67,0.82,0,7.1,0
C01060,P0034,0.79,0.63,0,9.3,0
C01061,P0348,0.76,0.71,2,6.8,0
C01062,P0095,0.65,2.38,0,5.8,0
C01063,P0072,0.63,3.49,0,23.3,0
C01064,P0551,0.95,1.25,1,16.2,0
C01065,P0154,0.77,3.08,0,28.3,0
C01066,P0250,0.19,28.5,7,67.9,1
C01067,P0674,0.79,2.08,1,19.1,0
C01068,P0438,0.82,0.44,0,3.3,0
C01069,P0118,0.81,0.11,0,16.8,0
C01070,P0771,0.65,0.53,0,7.3,0
C01071,P0891,0.91,1.19,1,1.2,0
C01072,P0306,0.66,1.15,0,13.6,0
C01073,P0268,0.83,0.98,0,2.6,0
C01074,P0961,0.83,1.1,0,1.9,0
C01075,P0054,0.27,44.1,5,205.4,1
C01076,P0236,0.64,6.4,1,12.2,0
C01077,P0389,0.84,1.2,2,26.8,0
C01078,P0990,0.83,1.55,0,2.3,0
C01079,P0734,0.6,0.55,0,4.8,0
C01080,P0763,0.78,7.89,0,6.0,0
C01081,P0825,0.05,11.92,5,114.7,1
C01082,P0401,0.0,15.21,3,91.3,1
C01083,P0624,0.68,1.77,0,19.8,0
C01084,P0767,0.38,19.87,1,213.8,1
C01085,P0303,0.77,0.63,0,10.6,0
C01086,P0919,0.77,0.4,1,19.6,0
C01087,P0207,0.65,3.08,1,11.9,0
C01088,P0229,0.18,47.8,4,290.9,1
C01089,P0853,0.96,0.63,2,5.7,0
C01090,P0910,0.81,0.7,0,2.5,0
C01091,P0578,0.71,1.17,0,20.7,0
C01092,P0075,0.88,0.18,1,31.3,0
C01093,P0435,0.6,0.57,3,1.0,0
C01094,P0103,0.21,19.26,3,285.3,1
C01095,P0422,0.67,7.63,1,1.9,0
C01096,P0704,0.73,1.11,0,3.3,0
C01097,P0764,0.39,16.13,1,203.1,1
C01098,P0738,0.97,0.68,0,10.5,0
C01099,P0806,0.29,37.52,6,161.9,1
C01100,P0306,0.66,1.11,0,0.2,0
C01101,P0098,0.78,3.04,1,24.0,0
C01102,P0850,0.61,1.63,1,3.9,0
C01103,P0798,0.05,45.5,7,252.7,1
C01104,P0335,0.75,0.98,0,24.6,0
C01105,P0859,0.64,2.09,0,5.2,0
C01106,P0435,0.87,0.14,0,14.8,0
C01107,P0447,0.93,0.37,1,21.4,0
C01108,P0994,0.79,1.56,2,3.2,0
C01109,P0308,0.76,0.98,0,3.1,0
C01110,P0249,0.34,12.79,3,124.8,1
C01111,P0166,0.91,4.33,0,6.2,0
C01112,P0481,0.79,4.14,1,11.1,0
C01113,P0984,0.94,0.02,0,23.8,0
C01114,P0335,0.3,31.71,6,97.1,1
C01115,P0542,0.78,1.05,1,10.2,0
C01116,P0759,0.95,1.08,2,2.7,0
C01117,P0106,0.98,6.36,0,0.2,0
C01118,P0563,0.66,11.05,0,7.0,0
C01119,P0081,0.94,0.04,0,3.2,0
C01120,P0133,0.94,0.67,1,2.5,0
C01121,P0797,0.61,1.05,0,16.6,0
C01122,P0900,0.92,1.22,0,9.3,0
C01123,P0138,0.93,1.11,0,3.1,0
C01124,P0184,0.81,1.19,0,1.0,0
C01125,P0401,0.89,0.48,0,5.3,0
C01126,P0330,0.69,1.75,0,6.0,0
C01127,P0785,0.81,0.46,0,21.2,0
C01128,P0508,0.77,1.06,0,6.9,0
C01129,P0852,0.82,1.64,1,2.9,0
C01130,P0984,0.92,5.88,0,6.9,0
C01131,P0069,0.69,0.12,0,1.6,0
C01132,P0546,0.88,1.53,0,0.1,0
C01133,P0774,0.92,0.39,0,4.1,0
C01134,P0053,0.83,0.76,0,2.5,0
C01135,P0450,0.68,1.12,1,0.1,0
C01136,P0205,0.81,1.86,1,6.4,0
C01137,P0126,0.83,5.26,1,2.7,0
C01138,P0747,0.71,1.4,1,0.7,0
C01139,P0043,0.89,3.28,0,10.9,0
C01140,P0752,0.17,45.56,7,153.2,1
C01141,P0971,0.95,2.58,0,2.4,0
C01142,P0883,0.74,0.67,0,13.6,0
C01143,P0111,0.7,1.21,0,40.2,0
C01144,P0761,0.76,0.17,0,8.9,0
C01145,P0663,0.84,1.09,0,0.6,0
C01146,P0183,0.81,1.41,0,1.1,0
C01147,P0848,0.65,0.21,1,2.9,0
C01148,P0095,0.07,48.31,3,178.1,1
C01149,P0971,0.61,2.23,0,22.9,0
C01150,P0374,0.67,3.26,1,5.1,0
C01151,P0912,0.67,0.59,0,8.1,0
C01152,P0520,0.76,5.9,0,36.4,0
C01153,P0900,0.69,2.96,0,1.5,0
C01154,P0360,0.94,0.74,1,6.4,0
C01155,P0900,0.8,2.64,0,11.0,0
C01156,P0696,0.96,0.12,0,12.6,0
C01157,P0281,0.77,1.03,0,7.1,0
C01158,P0195,0.65,1.29,1,6.6,0
C01159,P0864,1.0,2.32,1,14.6,0
C01160,P0195,0.02,14.92,4,230.2,1
C01161,P0667,0.23,24.29,2,298.3,1
C01162,P0093,0.65,0.15,1,10.5,0
C01163,P0672,0.73,0.99,0,4.2,0
C01164,P0946,0.76,2.55,0,28.7,0
C01165,P0061,0.62,1.4,0,25.3,0
C01166,P0634,0.02,32.94,3,235.8,1
C01167,P0051,0.97,2.14,0,0.5,0
C01168,P0403,0.97,1.27,0,11.7,0
C01169,P0789,0.79,0.27,0,0.7,0
C01170,P0005,0.83,1.95,0,17.0,0
C01171,P0466,0.94,1.91,0,11.9,0
C01172,P0604,0.17,32.62,5,281.9,1
C01173,P0682,0.65,0.2,0,4.7,0
C01174,P0829,0.69,1.76,0,0.3,0
C01175,P0534,0.13,42.42,4,125.4,1
C01176,P0405,0.93,7.87,0,0.1,0
C01177,P0838,0.66,0.78,0,0.8,0
C01178,P0513,0.98,0.91,2,9.3,0
C01179,P0645,0.85,2.03,1,43.0,0
C01180,P0233,0.29,41.08,2,175.9,1
C01181,P0524,0.81,3.53,0,8.5,0
C01182,P0346,0.21,11.53,5,89.6,1
C01183,P0046,0.99,1.0,0,1.9,0
C01184,P0546,0.27,34.38,4,171.0,1
C01185,P0945,0.76,3.98,1,19.9,0
C01186,P0078,0.91,5.34,0,8.6,0
C01187,P0730,0.71,3.48,0,8.3,0
C01188,P0813,0.14,22.91,6,62.8,1
C01189,P0923,0.82,2.17,0,13.3,0
C01190,P0073,0.83,0.14,0,9.1,0
C01191,P0794,0.71,0.17,0,8.1,0
C01192,P0249,0.73,2.55,1,14.1,0
C01193,P0047,0.26,35.5,1,227.2,1
C01194,P0121,0.75,5.72,1,2.9,0
C01195,P0214,0.68,0.83,0,3.5,0
C01196,P0239,0.81,0.36,1,26.9,0
C01197,P0056,0.97,1.49,1,9.9,0
C01198,P0350,0.74,0.72,0,6.9,0
C01199,P0107,0.83,0.68,0,0.9,0
C01200,P0831,0.62,0.58,0,1.1,0
C01201,P0048,0.93,0.08,1,20.5,0
C01202,P0573,0.79,0.73,0,4.8,0
C01203,P0337,0.83,0.24,1,4.3,0
C01204,P0026,0.88,0.9,1,12.7,0
C01205,P0804,0.64,3.74,1,1.6,0
C01206,P0257,0.73,7.47,0,6.1,0
C01207,P0008,0.01,25.89,5,135.6,1
C01208,P0625,0.23,48.02,3,281.4,1
C01209,P0867,0.94,2.98,0,7.0,0
C01210,P0253,0.79,0.58,0,0.3,0
C01211,P0692,0.05,45.46,8,141.1,1
C01212,P0719,0.79,0.8,1,1.5,0
C01213,P0303,0.76,7.82,0,9.5,0
C01214,P0639,0.77,0.15,0,12.1,0
C01215,P0056,0.81,4.11,0,0.9,0
C01216,P0726,0.97,0.95,0,15.7,0
C01217,P0526,0.73,2.52,0,3.4,0
C01218,P0474,0.06,42.45,6,174.2,1
C01219,P0028,0.24,49.44,10,288.1,1
C01220,P0983,0.7,2.74,0,3.1,0
C01221,P0078,0.91,1.61,1,6.6,0
C01222,P0216,0.85,1.04,0,32.6,0
C01223,P0386,0.8,2.65,0,4.4,0
C01224,P0365,0.76,1.05,0,7.8,0
C01225,P0666,0.8,0.29,0,1.9,0
C01226,P0526,0.05,47.31,9,101.3,1
C01227,P0699,0.71,0.67,0,19.3,0
C01228,P0312,0.61,0.16,0,2.2,0
C01229,P0883,0.09,41.92,1,163.0,1
C01230,P0007,0.76,0.24,1,12.8,0
C01231,P0003,0.89,0.0,3,27.2,0
C01232,P0623,0.92,3.63,0,13.4,0
C01233,P0919,0.98,2.27,0,29.1,0
C01234,P0750,0.78,1.83,0,27.0,0
C01235,P0363,0.63,1.39,1,8.7,0
C01236,P0751,0.96,5.69,0,5.1,0
C01237,P0508,0.01,23.18,4,201.4,1
C01238,P0274,0.81,0.62,2,22.1,0
C01239,P0506,0.75,2.67,0,1.3,0
C01240,P0806,0.97,1.21,1,0.2,0
C01241,P0739,0.64,1.37,1,11.9,0
C01242,P0883,0.88,2.43,0,24.6,0
C01243,P0015,0.8,1.2,0,3.7,0
C01244,P0192,0.62,2.01,0,3.6,0
C01245,P0985,0.91,0.79,0,1.9,0
C01246,P0631,0.91,0.28,0,7.1,0
C01247,P0485,0.87,2.01,1,3.5,0
C01248,P0028,0.71,0.32,0,3.7,0
C01249,P0714,0.21,36.55,4,65.7,1
C01250,P0039,0.63,1.08,2,18.7,0
C01251,P0953,0.89,1.89,1,2.5,0
C01252,P0273,0.8,1.59,0,8.3,0
C01253,P0231,0.98,4.65,3,3.1,0
C01254,P0086,0.8,3.75,0,13.8,0
C01255,P0474,0.66,0.58,1,4.3,0
C01256,P0126,0.71,0.86,1,8.1,0
C01257,P0812,0.64,3.27,0,10.5,0
C01258,P0537,0.89,0.47,1,5.6,0
C01259,P0145,0.67,5.71,1,4.1,0
C01260,P0525,0.92,2.38,1,12.6,0
C01261,P0212,0.15,18.45,8,299.6,1
C01262,P0025,0.9,3.99,1,1.2,0
C01263,P0580,0.74,4.18,0,0.8,0
C01264,P0394,0.92,3.61,0,19.3,0
C01265,P0067,0.87,1.47,1,2.2,0
C01266,P0233,0.71,1.41,0,16.4,0
C01267,P0109,0.92,1.74,1,0.5,0
C01268,P0146,0.95,0.16,0,11.9,0
C01269,P0111,0.76,4.18,0,0.1,0
C01270,P0228,0.72,1.73,0,7.7,0
C01271,P0111,0.95,4.87,0,6.2,0
C01272,P0470,0.82,5.96,1,13.0,0
C01273,P0034,0.75,0.02,0,6.2,0
C01274,P0623,0.8,0.05,1,8.2,0
C01275,P0776,0.72,0.37,0,2.6,0
C01276,P0936,0.81,0.44,0,1.7,0
C01277,P0369,0.87,2.8,0,6.3,0
C01278,P0748,0.63,1.82,0,7.5,0
C01279,P0595,0.21,46.97,7,258.9,1
C01280,P0554,0.93,0.42,1,3.5,0
C01281,P0425,0.72,2.59,0,0.0,0
C01282,P0613,0.89,0.38,0,2.7,0
C01283,P0518,0.75,1.29,0,35.3,0
C01284,P0692,0.89,0.78,0,6.0,0
C01285,P0282,0.85,0.32,0,19.6,0
C01286,P0320,0.1,25.21,4,236.6,1
C01287,P0738,0.79,3.36,3,4.5,0
C01288,P0443,0.79,2.34,1,25.0,0
C01289,P0952,0.33,49.15,3,129.9,1
C01290,P0315,0.85,3.26,1,0.1,0
C01291,P0877,0.67,0.21,0,7.0,0
C01292,P0966,0.62,0.86,0,10.4,0
C01293,P0741,0.79,1.37,0,31.2,0
C01294,P0377,0.69,1.45,1,26.5,0
C01295,P0289,0.15,28.55,2,98.5,1
C01296,P0437,0.82,1.52,0,12.0,0
C01297,P0662,0.85,0.42,0,12.7,0
C01298,P0277,0.81,1.01,0,9.4,0
C01299,P0710,0.98,2.23,0,6.2,0
C01300,P0582,0.36,13.78,6,165.8,1
C01301,P0503,0.85,2.98,0,9.0,0
C01302,P0624,0.67,0.85,0,6.3,0
C01303,P0516,0.73,0.23,0,0.3,0
C01304,P0350,0.79,6.18,0,29.2,0
C01305,P0843,0.89,2.03,1,1.1,0
C01306,P0446,0.8,2.39,0,17.9,0
C01307,P0830,0.63,2.35,0,4.8,0
C01308,P0350,0.74,1.94,1,17.4,0
C01309,P0607,0.76,0.22,0,0.5,0
C01310,P0664,0.75,0.82,1,0.5,0
C01311,P0823,0.69,0.64,0,1.6,0
C01312,P0137,0.65,5.76,1,5.2,0
C01313,P0759,0.74,3.13,0,1.4,0
C01314,P0899,0.9,1.01,0,4.7,0
C01315,P0243,0.8,0.84,0,5.1,0
C01316,P0543,0.61,2.96,0,0.4,0
C01317,P0040,0.86,2.97,1,2.3,0
C01318,P0229,0.89,2.41,0,23.4,0
C01319,P0548,0.04,49.31,6,153.5,1
C01320,P0920,0.9,0.98,0,9.0,0
C01321,P0223,0.95,0.1,0,1.7,0
C01322,P0006,0.88,0.22,1,2.2,0
C01323,P0322,0.97,0.04,0,0.2,0
C01324,P0468,0.79,1.39,0,1.4,0
C01325,P0732,0.75,2.23,1,8.9,0
C01326,P0075,0.08,21.49,2,184.7,1
C01327,P0004,0.83,5.8,0,10.3,0
C01328,P0847,0.33,32.41,2,133.3,1
C01329,P0646,0.9,0.1,0,12.2,0
C01330,P0118,0.91,1.22,1,1.7,0
C01331,P0881,0.16,33.2,3,182.0,1
C01332,P0606,0.61,0.75,1,6.0,0
C01333,P0504,0.71,0.71,0,18.1,0
C01334,P0998,0.99,1.15,0,18.7,0
C01335,P0947,0.77,1.61,0,13.6,0
C01336,P0574,0.81,3.31,1,12.6,0
C01337,P0441,0.92,0.85,0,0.0,0
C01338,P0194,0.78,0.87,0,2.1,0
C01339,P0847,0.94,0.6,0,6.6,0
C01340,P0715,0.8,0.48,0,1.9,0
C01341,P0392,0.89,2.94,0,12.5,0
C01342,P0026,0.89,0.3,2,2.1,0
C01343,P0435,0.65,0.3,1,15.3,0
C01344,P0173,0.9,1.86,1,3.7,0
C01345,P0300,0.86,0.02,0,19.1,0
C01346,P0645,0.87,0.62,1,3.7,0
C01347,P0326,0.61,5.4,0,1.1,0
C01348,P0410,0.8,2.93,0,3.1,0
C01349,P0118,0.7,9.58,0,8.6,0
C01350,P0836,0.97,0.32,3,10.1,0
C01351,P0787,0.9,8.54,0,14.5,0
C01352,P0724,0.74,0.39,0,15.8,0
C01353,P0225,0.79,1.54,1,9.6,0
C01354,P0532,0.75,1.0,2,14.6,0
C01355,P0113,0.64,0.47,0,0.2,0
C01356,P0140,0.1,30.7,0,123.5,1
C01357,P0559,0.21,32.93,6,222.2,1
C01358,P0001,0.82,3.12,1,43.0,0
C01359,P0090,0.81,0.24,1,15.0,0
C01360,P0654,0.98,2.39,0,6.2,0
C01361,P0320,0.75,0.87,1,11.3,0
C01362,P0550,0.68,1.36,1,7.7,0
C01363,P0805,0.91,2.17,0,22.6,0
C01364,P0894,0.67,10.81,0,0.2,0
C01365,P0139,0.96,0.56,1,19.6,0
C01366,P0511,1.0,0.7,1,5.2,0
C01367,P0868,0.94,0.92,0,7.0,0
C01368,P0845,0.86,7.22,0,8.5,0
C01369,P0259,0.35,29.26,2,97.2,1
C01370,P0673,0.94,1.47,2,0.1,0
C01371,P0902,0.77,0.44,1,3.4,0
C01372,P0690,0.81,0.61,0,9.1,0
C01373,P0010,0.64,0.12,0,12.8,0
C01374,P0261,0.82,1.1,0,4.5,0
C01375,P0919,0.97,0.11,1,16.3,0
C01376,P0650,0.67,0.7,1,16.7,0
C01377,P0172,0.89,2.62,0,12.6,0
C01378,P0898,0.87,3.55,0,0.2,0
C01379,P0013,0.75,0.32,0,24.9,0
C01380,P0168,0.76,3.73,0,1.8,0
C01381,P0642,0.61,0.8,1,9.3,0
C01382,P0596,0.78,5.58,0,2.4,0
C01383,P0321,0.01,27.36,5,166.8,1
C01384,P0319,1.0,3.61,2,2.6,0
C01385,P0613,0.6,0.72,0,6.4,0
C01386,P0329,0.87,4.15,2,0.1,0
C01387,P0785,0.86,0.68,0,4.0,0
C01388,P0777,0.71,1.43,0,7.2,0
C01389,P0971,0.87,0.98,0,1.8,0
C01390,P0911,0.14,39.67,6,178.0,1
C01391,P0920,0.83,2.51,0,13.8,0
C01392,P0550,0.65,0.14,2,5.9,0
C01393,P0419,0.67,1.33,2,4.4,0
C01394,P0606,0.84,0.75,2,3.9,0
C01395,P0095,0.72,0.07,1,3.9,0
C01396,P0817,0.79,3.42,0,19.5,0
C01397,P0581,0.96,5.86,0,2.4,0
C01398,P0318,0.75,0.81,0,9.3,0
C01399,P0956,0.79,4.02,0,10.3,0
C01400,P0236,0.31,40.38,5,61.7,1
C01401,P0946,0.7,0.21,0,1.9,0
C01402,P0334,0.01,46.37,0,236.7,1
C01403,P0885,0.66,4.87,1,11.2,0
C01404,P0376,0.0,49.39,7,281.3,1
C01405,P0459,0.66,0.51,0,14.4,0
C01406,P0137,0.85,0.53,0,14.2,0
C01407,P0930,0.39,42.4,6,186.4,1
C01408,P0588,0.73,0.6,0,8.8,0
C01409,P0995,0.09,15.93,10,108.6,1
C01410,P0547,0.78,0.12,1,8.1,0
C01411,P0513,0.86,1.37,0,9.5,0
C01412,P0296,0.89,1.08,1,2.5,0
C01413,P0320,0.66,0.93,2,8.9,0
C01414,P0918,0.89,0.55,0,35.8,0
C01415,P0572,0.85,7.97,0,12.1,0
C01416,P0832,0.69,0.61,0,3.9,0
C01417,P0349,0.67,0.61,0,12.2,0
C01418,P0840,0.8,0.2,0,1.1,0
C01419,P0779,0.85,0.2,1,2.9,0
C01420,P0873,0.96,2.54,0,17.2,0
C01421,P0229,0.8,3.75,0,11.5,0
C01422,P0270,1.0,0.53,1,0.4,0
C01423,P0828,0.61,0.25,1,8.1,0
C01424,P0798,0.61,1.27,1,9.8,0
C01425,P0291,0.91,3.06,0,19.5,0
C01426,P0725,0.16,45.55,2,250.9,1
C01427,P0165,0.77,0.52,0,23.2,0
C01428,P0005,0.93,1.61,1,5.0,0
C01429,P0851,0.97,0.27,0,4.2,0
C01430,P0379,0.8,1.22,0,1.5,0
C01431,P0078,0.81,0.56,0,0.7,0
C01432,P0410,0.91,1.12,1,11.4,0
C01433,P0574,0.79,0.98,0,10.2,0
C01434,P0132,0.8,3.78,1,1.5,0
C01435,P0601,0.25,22.05,1,114.5,1
C01436,P0749,0.37,38.7,4,133.3,1
C01437,P0042,0.73,0.35,0,15.5,0
C01438,P0089,0.67,0.06,2,1.3,0
C01439,P0402,0.83,4.74,1,3.8,0
C01440,P0296,0.82,0.19,1,33.5,0
C01441,P0840,0.7,0.04,0,12.3,0
C01442,P0295,0.92,0.43,0,7.2,0
C01443,P0616,0.73,3.94,0,16.1,0
C01444,P0526,0.83,2.97,0,17.8,0
C01445,P0800,0.71,1.58,0,6.5,0
C01446,P0691,0.13,20.67,4,227.8,1
C01447,P0637,0.1,11.62,2,201.1,1
C01448,P0422,0.8,4.13,0,11.4,0
C01449,P0865,0.87,2.21,2,6.4,0
C01450,P0023,0.16,22.41,4,281.3,1
C01451,P0575,0.79,1.95,1,5.6,0
C01452,P0143,0.76,0.94,2,1.1,0
C01453,P0993,0.77,0.21,1,7.4,0
C01454,P0665,0.6,0.76,1,38.3,0
C01455,P0145,0.95,0.89,0,18.7,0
C01456,P0225,0.36,42.83,5,278.0,1
C01457,P0503,0.12,49.06,2,230.2,1
C01458,P0962,0.81,1.3,0,12.2,0
C01459,P0974,0.68,1.61,0,31.1,0
C01460,P0821,0.01,17.99,3,269.4,1
C01461,P0616,0.88,1.73,0,11.8,0
C01462,P0104,0.07,41.45,4,195.8,1
C01463,P0947,0.66,2.44,1,6.7,0
C01464,P0039,0.97,1.47,0,8.6,0
C01465,P0947,0.88,0.23,1,0.8,0
C01466,P0198,0.91,0.95,0,10.0,0
C01467,P0646,0.95,4.37,2,4.8,0
C01468,P0579,0.93,0.91,0,9.3,0
C01469,P0391,0.75,4.7,0,6.3,0
C01470,P0179,1.0,1.36,0,7.2,0
C01471,P0968,0.93,3.0,1,2.9,0
C01472,P0554,0.34,45.74,5,190.0,1
C01473,P0448,0.26,31.81,3,180.6,1
C01474,P0500,0.8,0.38,0,1.7,0
C01475,P0015,0.68,7.22,0,3.1,0
C01476,P0623,0.84,1.88,0,15.8,0
C01477,P0669,0.91,0.54,0,27.8,0
C01478,P0289,0.33,37.91,3,167.6,1
C01479,P0478,0.84,0.79,2,18.2,0
C01480,P0231,0.64,3.64,0,0.9,0
C01481,P0923,0.26,28.88,5,226.5,1
C01482,P0420,0.9,3.83,1,12.6,0
C01483,P0157,0.76,2.26,0,50.8,0
C01484,P0550,0.29,48.1,6,185.8,1
C01485,P0441,0.8,1.49,2,4.6,0
C01486,P0097,0.17,24.42,6,164.5,1
C01487,P0997,0.72,0.1,0,4.4,0
C01488,P0411,0.7,2.37,1,0.5,0
C01489,P0951,0.94,0.02,1,3.9,0
C01490,P0289,0.1,10.36,3,186.9,1
C01491,P0254,0.84,0.71,0,0.4,0
C01492,P0196,0.61,2.69,0,15.9,0
C01493,P0598,0.77,1.21,0,12.5,0
C01494,P0834,0.71,0.26,0,4.0,0
C01495,P0522,0.78,2.08,0,9.7,0
C01496,P0517,0.82,2.69,1,11.4,0
C01497,P0635,0.95,1.13,0,14.4,0
C01498,P0842,0.83,0.15,1,13.8,0
C01499,P0865,0.9,6.12,0,9.1,0
C01500,P0118,0.77,0.8,0,8.3,0
C01501,P0806,0.79,0.22,1,14.6,0
C01502,P0909,0.36,26.38,4,156.5,1
C01503,P0159,0.83,1.75,1,1.1,0
C01504,P0815,0.34,22.39,3,115.4,1
C01505,P0228,0.62,2.44,1,26.4,0
C01506,P0877,0.84,1.99,1,4.4,0
C01507,P0216,0.96,4.62,2,17.4,0
C01508,P0948,0.76,9.38,0,8.1,0
C01509,P0696,0.81,0.78,0,22.6,0
C01510,P0015,0.92,0.3,1,5.3,0
C01511,P0157,0.7,3.93,1,9.4,0
C01512,P0648,0.64,1.28,0,2.3,0
C01513,P0261,0.86,4.84,0,2.3,0
C01514,P0157,0.86,4.1,2,13.9,0
C01515,P0047,0.66,0.86,0,7.2,0
C01516,P0324,0.97,4.15,0,1.9,0
C01517,P0844,0.74,0.69,1,32.8,0
C01518,P0685,0.86,3.64,0,2.3,0
C01519,P0130,0.81,1.62,1,4.6,0
C01520,P0411,0.75,6.41,0,14.1,0
C01521,P0095,0.9,0.62,0,22.5,0
C01522,P0627,0.79,5.81,0,0.8,0
C01523,P0755,0.96,3.76,3,18.6,0
C01524,P0932,0.83,0.96,1,7.7,0
C01525,P0292,0.78,1.66,0,0.5,0
C01526,P0794,0.95,1.18,0,1.5,0
C01527,P0811,0.6,0.56,1,24.0,0
C01528,P0283,0.09,18.18,1,245.2,1
C01529,P0069,0.95,1.9,0,3.4,0
C01530,P0660,0.19,48.17,4,77.1,1
C01531,P0011,0.92,0.56,1,31.0,0
C01532,P0254,0.68,4.29,2,13.0,0
C01533,P0842,0.75,0.41,0,1.8,0
C01534,P0872,0.99,0.2,0,9.8,0
C01535,P0550,0.82,2.17,0,8.1,0
C01536,P0134,0.71,5.63,2,3.4,0
C01537,P0712,0.68,0.02,0,11.4,0
C01538,P0023,0.69,1.42,2,4.7,0
C01539,P0815,0.78,0.39,1,19.1,0
C01540,P0346,0.9,1.89,0,2.4,0
C01541,P0302,0.91,1.33,0,2.2,0
C01542,P0363,0.67,3.0,0,7.5,0
C01543,P0396,0.78,1.73,2,0.2,0
C01544,P0218,0.17,34.25,4,240.1,1
C01545,P0141,0.74,2.48,0,5.2,0
C01546,P0616,0.28,19.07,6,227.6,1
C01547,P0958,0.77,0.45,0,0.1,0
C01548,P0210,0.72,2.76,1,32.0,0
C01549,P0985,0.8,4.98,1,0.9,0
C01550,P0993,0.69,0.02,1,15.4,0
C01551,P0623,0.14,42.77,2,158.0,1
C01552,P0616,0.74,2.88,0,4.3,0
C01553,P0828,0.93,0.14,2,3.4,0
C01554,P0683,0.75,3.0,0,10.3,0
C01555,P0460,0.9,0.25,1,8.6,0
C01556,P0356,0.36,38.01,3,289.1,1
C01557,P0324,0.65,2.39,0,0.3,0
C01558,P0133,0.97,3.82,0,2.6,0
C01559,P0888,0.65,0.9,0,7.1,0
C01560,P0805,0.99,1.71,1,6.4,0
C01561,P0840,0.94,1.27,1,1.4,0
C01562,P0127,0.94,1.77,2,7.0,0
C01563,P0106,0.75,1.97,1,8.1,0
C01564,P0604,0.88,0.29,1,29.9,0
C01565,P0799,0.74,0.23,0,0.9,0
C01566,P0378,0.99,0.08,1,4.6,0
C01567,P0905,0.63,1.95,0,3.3,0
C01568,P0051,0.96,0.73,0,7.8,0
C01569,P0029,0.64,5.38,0,0.8,0
C01570,P0462,0.75,1.83,0,11.9,0
C01571,P0296,0.62,0.67,1,19.3,0
C01572,P0297,0.64,3.6,0,9.5,0
C01573,P0726,0.66,0.14,0,1.4,0
C01574,P0779,0.72,1.44,0,15.6,0
C01575,P0407,0.86,1.88,0,6.4,0
C01576,P0769,0.77,3.69,0,0.1,0
C01577,P0814,0.86,0.45,2,1.1,0
C01578,P0613,0.8,1.88,0,12.6,0
C01579,P0405,0.84,0.79,0,13.9,0
C01580,P0346,0.69,3.6,0,8.6,0
C01581,P0622,0.95,3.98,0,2.3,0
C01582,P0420,0.91,1.14,0,23.5,0
C01583,P0182,0.68,0.05,0,9.7,0
C01584,P0983,0.86,0.75,0,4.1,0
C01585,P0825,0.87,0.12,1,80.3,0
C01586,P0001,0.67,2.95,0,0.8,0
C01587,P0831,0.95,3.91,0,12.1,0
C01588,P0950,0.82,3.83,0,7.4,0
C01589,P0567,0.79,0.87,1,1.6,0
C01590,P0371,0.83,2.14,0,5.0,0
C01591,P0936,0.98,0.57,1,5.9,0
C01592,P0911,0.98,2.67,0,8.4,0
C01593,P0661,0.88,1.79,1,3.6,0
C01594,P0431,0.69,0.08,0,20.4,0
C01595,P0969,0.87,2.16,1,6.5,0
C01596,P0309,0.35,24.38,5,201.9,1
C01597,P0137,0.73,0.11,2,11.3,0
C01598,P0202,0.14,30.51,10,277.6,1
C01599,P0436,0.79,1.23,0,1.6,0
C01600,P0313,0.19,43.25,0,125.5,1
C01601,P0117,0.6,1.07,1,29.0,0
C01602,P0666,0.84,0.59,2,11.9,0
C01603,P0937,0.97,2.49,0,12.5,0
C01604,P0803,0.62,0.98,0,1.8,0
C01605,P0575,0.61,0.29,1,44.4,0
C01606,P0244,0.74,1.83,1,12.6,0
C01607,P0537,0.9,0.19,2,1.0,0
C01608,P0602,0.62,0.82,0,7.6,0
C01609,P0075,0.71,4.85,0,0.5,0
C01610,P0806,0.72,1.51,0,3.2,0
C01611,P0386,0.05,42.77,7,168.1,1
C01612,P0903,0.86,6.11,1,4.0,0
C01613,P0210,0.19,22.58,9,249.4,1
C01614,P0475,0.81,0.69,1,2.4,0
C01615,P0418,0.61,1.14,0,20.9,0
C01616,P0347,0.97,1.5,1,13.7,0
C01617,P0529,0.68,0.93,1,12.8,0
C01618,P0640,0.93,1.02,0,19.1,0
C01619,P0939,0.91,0.68,0,11.4,0
C01620,P0955,0.83,0.35,0,23.0,0
C01621,P0876,0.28,49.44,4,221.0,1
C01622,P0763,0.79,0.85,2,9.4,0
C01623,P0179,0.75,1.07,1,28.7,0
C01624,P0182,0.67,2.17,1,3.9,0
C01625,P0664,0.93,2.87,0,7.6,0
C01626,P0025,0.62,0.47,0,0.9,0
C01627,P0967,0.94,2.53,3,9.2,0
C01628,P0180,0.99,2.06,0,12.9,0
C01629,P0710,0.96,3.18,0,11.1,0
C01630,P0501,1.0,0.19,1,10.2,0
C01631,P0856,0.84,0.33,0,9.7,0
C01632,P0161,0.05,20.61,5,205.5,1
C01633,P0177,0.9,4.64,2,0.3,0
C01634,P0285,0.75,0.31,1,0.4,0
C01635,P0063,0.93,0.57,0,11.0,0
C01636,P0662,0.17,27.65,4,161.7,1
C01637,P0666,0.88,5.72,0,5.8,0
C01638,P0156,0.92,1.88,0,9.9,0
C01639,P0882,0.67,1.43,0,20.9,0
C01640,P0469,0.78,0.66,0,20.7,0
C01641,P0049,0.67,1.11,0,14.8,0
C01642,P0967,0.79,0.87,0,19.1,0
C01643,P0849,0.82,2.53,2,30.5,0
C01644,P0084,0.61,0.95,1,3.2,0
C01645,P0361,0.72,1.9,0,13.0,0
C01646,P0689,0.96,2.24,0,27.0,0
C01647,P0148,0.71,0.32,0,8.3,0
C01648,P0630,0.65,0.3,0,3.3,0
C01649,P0342,0.24,42.67,4,271.1,1
C01650,P0476,0.68,5.89,0,5.8,0
C01651,P0063,0.88,1.77,0,8.1,0
C01652,P0701,0.89,0.09,0,6.1,0
C01653,P0360,0.65,2.18,0,5.7,0
C01654,P0561,0.68,1.59,0,0.2,0
C01655,P0327,0.62,6.17,0,12.3,0
C01656,P0769,0.63,0.23,0,6.3,0
C01657,P0736,0.98,5.79,1,6.1,0
C01658,P0141,0.74,5.88,0,8.7,0
C01659,P0990,0.69,0.1,1,5.8,0
C01660,P0215,0.65,3.63,0,18.0,0
C01661,P0435,0.66,4.35,1,8.3,0
C01662,P0891,0.73,0.39,1,5.1,0
C01663,P0952,0.67,0.97,1,30.3,0
C01664,P0723,0.98,0.31,0,19.9,0
C01665,P0318,0.76,0.01,0,9.1,0
C01666,P0032,0.92,0.29,0,25.5,0
C01667,P0670,0.9,1.78,1,14.2,0
C01668,P0285,0.75,0.56,1,39.8,0
C01669,P0305,0.14,46.87,7,114.7,1
C01670,P0429,0.68,1.11,1,11.7,0
C01671,P0477,0.71,1.31,0,17.0,0
C01672,P0286,1.0,1.04,0,1.9,0
C01673,P0144,0.86,1.89,1,14.4,0
C01674,P0424,0.88,0.78,0,1.6,0
C01675,P0019,0.78,4.26,0,18.3,0
C01676,P0018,0.24,17.68,3,160.0,1
C01677,P0769,0.63,0.21,0,3.6,0
C01678,P0590,0.97,0.94,1,12.2,0
C01679,P0371,0.7,5.69,0,17.8,0
C01680,P0175,0.75,0.21,1,6.4,0
C01681,P0194,0.68,1.97,1,17.0,0
C01682,P0502,0.8,1.37,3,7.9,0
C01683,P0988,0.69,1.17,0,17.8,0
C01684,P0113,0.96,1.07,0,19.8,0
C01685,P0114,0.67,1.95,0,5.1,0
C01686,P0222,0.99,0.21,0,3.7,0
C01687,P0678,0.96,4.07,0,0.8,0
C01688,P0947,0.85,0.82,1,1.4,0
C01689,P0831,0.87,0.48,1,2.4,0
C01690,P0644,1.0,1.14,1,9.4,0
C01691,P0897,0.89,0.76,1,4.9,0
C01692,P0264,0.22,33.07,3,242.7,1
C01693,P0925,0.79,5.64,0,5.4,0
C01694,P0055,0.91,1.58,0,0.5,0
C01695,P0871,0.16,20.83,8,141.5,1
C01696,P0643,0.73,0.09,0,19.3,0
C01697,P0800,0.75,2.69,1,1.5,0
C01698,P0778,0.88,3.86,1,2.4,0
C01699,P0458,0.63,1.69,1,18.2,0
C01700,P0979,0.82,2.34,1,23.1,0
C01701,P0878,0.65,1.0,2,9.0,0
C01702,P0162,0.88,3.58,0,16.6,0
C01703,P0380,0.79,1.2,0,7.1,0
C01704,P0993,0.98,1.59,1,12.9,0
C01705,P0087,0.92,2.27,1,19.7,0
C01706,P0055,0.93,0.26,1,2.9,0
C01707,P0476,0.95,1.13,1,0.0,0
C01708,P0800,0.2,14.01,3,128.8,1
C01709,P0178,0.31,16.06,5,274.7,1
C01710,P0391,0.89,2.04,1,0.5,0
C01711,P0349,0.31,37.15,6,91.4,1
C01712,P0008,0.69,2.14,0,18.1,0
C01713,P0833,0.38,42.23,3,68.0,1
C01714,P0313,0.75,4.68,0,2.3,0
C01715,P0759,0.99,0.05,1,0.4,0
C01716,P0835,0.97,0.3,0,3.2,0
C01717,P0984,0.63,0.1,0,0.7,0
C01718,P0983,0.9,1.33,0,5.4,0
C01719,P0443,0.97,4.83,2,4.8,0
C01720,P0767,0.85,1.95,0,5.1,0
C01721,P0328,0.99,3.44,0,13.0,0
C01722,P0054,0.71,0.21,0,5.2,0
C01723,P0761,0.61,3.37,0,8.7,0
C01724,P0239,0.63,0.38,1,30.0,0
C01725,P0229,1.0,0.93,0,19.5,0
C01726,P0579,1.0,1.99,2,8.5,0
C01727,P0051,0.93,2.33,0,4.1,0
C01728,P0609,0.66,0.53,1,2.5,0
C01729,P0604,0.12,34.68,3,180.6,1
C01730,P0264,0.71,5.9,0,0.6,0
C01731,P0418,0.89,0.8,1,8.5,0
C01732,P0803,0.31,47.12,5,91.7,1
C01733,P0096,0.8,0.23,0,1.6,0
C01734,P0088,0.85,5.97,1,9.1,0
C01735,P0078,0.94,0.25,1,2.3,0
C01736,P0288,0.76,0.16,1,3.7,0
C01737,P0120,0.65,4.0,0,8.5,0
C01738,P0814,0.83,1.06,0,13.7,0
C01739,P0491,0.65,0.22,1,3.7,0
C01740,P0912,0.19,27.97,6,133.8,1
C01741,P0452,0.99,3.36,0,0.1,0
C01742,P0500,0.62,0.56,0,7.6,0
C01743,P0165,0.94,2.67,0,5.1,0
C01744,P0182,0.8,3.32,2,11.9,0
C01745,P0469,0.64,1.67,0,5.7,0
C01746,P0910,0.85,0.59,0,0.1,0
C01747,P0735,0.61,0.02,0,2.7,0
C01748,P0823,0.69,8.65,0,1.4,0
C01749,P0944,0.82,3.9,1,8.2,0
C01750,P0978,0.89,2.6,1,20.4,0
C01751,P0007,0.83,1.12,1,0.1,0
C01752,P0330,1.0,0.4,0,20.6,0
C01753,P0775,0.69,1.3,0,5.0,0
C01754,P0673,0.67,0.9,0,49.9,0
C01755,P0151,1.0,0.24,1,0.3,0
C01756,P0085,0.64,6.73,1,1.8,0
C01757,P0147,0.1,30.62,5,164.7,1
C01758,P0624,0.92,3.41,0,4.2,0
C01759,P0381,0.37,16.59,2,245.2,1
C01760,P0915,0.97,1.52,0,8.9,0
C01761,P0548,0.31,13.73,1,202.5,1
C01762,P0285,0.95,2.22,1,23.3,0
C01763,P0700,0.33,22.57,6,187.7,1
C01764,P0082,0.14,41.69,2,254.2,1
C01765,P0514,0.98,3.11,0,0.8,0
C01766,P0897,0.01,35.15,8,212.4,1
C01767,P0815,0.94,1.35,0,1.9,0
C01768,P0709,0.6,2.53,0,2.8,0
C01769,P0916,0.72,1.64,0,11.2,0
C01770,P0523,0.62,0.26,0,4.1,0
C01771,P0746,0.72,0.14,2,0.7,0
C01772,P0386,0.99,2.29,0,12.1,0
C01773,P0707,0.3,41.2,2,282.4,1
C01774,P0471,0.84,0.45,5,18.5,0
C01775,P0119,0.93,0.53,0,38.8,0
C01776,P0396,0.12,44.84,0,65.0,1
C01777,P0532,0.19,19.55,3,153.1,1
C01778,P0261,0.07,41.69,3,90.9,1
C01779,P0805,0.7,3.93,2,3.2,0
C01780,P0934,0.22,38.87,2,226.6,1
C01781,P0256,0.93,3.75,2,24.5,0
C01782,P0734,0.99,3.76,0,2.2,0
C01783,P0905,0.82,1.21,1,3.0,0
C01784,P0226,0.9,0.2,0,4.9,0
C01785,P0053,0.85,0.34,1,24.9,0
C01786,P0940,0.79,0.64,0,0.0,0
C01787,P0867,0.81,0.23,0,8.9,0
C01788,P0500,0.71,0.39,2,1.7,0
C01789,P0506,0.98,0.08,1,20.7,0
C01790,P0854,0.72,5.58,0,10.6,0
C01791,P0364,0.63,0.56,1,26.3,0
C01792,P0280,0.77,4.08,0,38.8,0
C01793,P0593,0.98,0.8,2,9.8,0
C01794,P0714,0.63,3.62,0,0.7,0
C01795,P0158,0.16,33.08,4,195.6,1
C01796,P0632,0.78,0.74,0,4.1,0
C01797,P0059,0.9,1.57,1,2.7,0
C01798,P0727,0.94,1.63,0,9.8,0
C01799,P0128,0.74,3.72,0,13.0,0
C01800,P0736,0.64,1.01,2,3.3,0
C01801,P0721,0.73,2.1,1,7.1,0
C01802,P0882,0.92,1.15,0,8.3,0
C01803,P0115,0.98,3.15,0,10.4,0
C01804,P0209,0.97,1.12,0,37.8,0
C01805,P0526,0.95,0.78,0,5.4,0
C01806,P0521,0.66,6.33,0,20.8,0
C01807,P0552,0.68,1.59,0,14.4,0
C01808,P0962,0.83,1.96,0,2.4,0
C01809,P0237,0.63,0.68,1,9.5,0
C01810,P0281,0.22,20.92,3,104.8,1
C01811,P0359,0.07,44.92,6,263.4,1
C01812,P0201,0.9,0.71,0,2.1,0
C01813,P0758,0.64,2.57,0,17.2,0
C01814,P0278,1.0,0.16,0,16.2,0
C01815,P0235,0.92,2.85,0,6.0,0
C01816,P0494,0.84,7.29,0,25.7,0
C01817,P0004,0.11,49.56,4,87.3,1
C01818,P0666,0.05,23.91,6,102.0,1
C01819,P0442,0.79,2.09,0,0.2,0
C01820,P0029,0.65,0.58,0,6.7,0
C01821,P0109,0.66,2.24,0,3.5,0
C01822,P0610,0.61,0.16,0,1.7,0
C01823,P0727,0.75,1.98,0,2.6,0
C01824,P0805,0.74,1.9,2,4.5,0
C01825,P0075,0.75,4.23,0,44.2,0
C01826,P0838,0.87,2.29,0,9.3,0
C01827,P0146,0.79,0.22,0,22.1,0
C01828,P0128,0.22,26.54,4,164.1,1
C01829,P0853,0.84,0.53,1,3.7,0
C01830,P0042,0.78,3.28,0,3.5,0
C01831,P0356,0.87,0.76,1,14.4,0
C01832,P0041,0.63,0.03,1,4.3,0
C01833,P0934,0.69,1.92,0,47.8,0
C01834,P0034,0.99,2.02,0,6.8,0
C01835,P0017,0.27,14.06,2,107.0,1
C01836,P0677,0.79,3.07,0,4.1,0
C01837,P0153,0.03,32.01,3,110.9,1
C01838,P0998,0.79,6.92,2,48.3,0
C01839,P0378,0.64,0.11,2,1.2,0
C01840,P0588,0.61,0.22,0,35.1,0
C01841,P0599,0.87,3.02,1,16.0,0
C01842,P0629,0.84,0.76,0,7.6,0
C01843,P0874,0.93,8.0,0,14.4,0
C01844,P0342,0.64,3.0,0,0.4,0
C01845,P0981,0.15,34.43,2,283.2,1
C01846,P0027,0.28,23.19,7,160.3,1
C01847,P0825,0.12,40.6,2,62.7,1
C01848,P0287,0.77,1.06,1,3.0,0
C01849,P0646,0.96,1.35,0,1.0,0
C01850,P0731,0.75,5.77,0,4.2,0
C01851,P0168,0.85,4.83,0,7.0,0
C01852,P0610,0.98,0.38,1,11.4,0
C01853,P0268,0.74,0.75,1,5.4,0
C01854,P0749,0.68,0.02,1,34.9,0
C01855,P0821,0.66,1.77,0,15.6,0
C01856,P0455,0.31,14.5,7,105.2,1
C01857,P0906,0.8,3.15,0,10.8,0
C01858,P0685,0.73,0.83,1,16.7,0
C01859,P0401,0.66,3.12,0,2.2,0
C01860,P0922,0.26,44.2,3,254.7,1
C01861,P0981,0.91,0.31,0,14.9,0
C01862,P0476,0.73,2.01,0,9.4,0
C01863,P0702,0.66,3.55,0,3.3,0
C01864,P0634,0.94,0.1,0,4.6,0
C01865,P0558,0.71,4.86,1,12.5,0
C01866,P0576,0.81,4.62,0,8.5,0
C01867,P0130,0.8,1.34,0,2.3,0
C01868,P0822,0.9,1.2,1,11.5,0
C01869,P0363,0.98,2.18,2,9.2,0
C01870,P0705,0.06,31.42,4,299.7,1
C01871,P0819,0.63,0.09,0,35.4,0
C01872,P0693,0.99,2.13,1,35.8,0
C01873,P0292,0.66,0.21,0,8.5,0
C01874,P0371,0.91,0.91,1,1.6,0
C01875,P0794,0.79,2.27,1,9.0,0
C01876,P0029,0.71,2.08,1,21.8,0
C01877,P0149,0.82,0.58,1,4.0,0
C01878,P0779,0.67,0.56,1,24.4,0
C01879,P0296,0.69,0.26,0,7.1,0
C01880,P0011,1.0,2.37,0,20.9,0
C01881,P0512,0.31,10.62,3,172.5,1
C01882,P0676,0.77,0.68,0,14.4,0
C01883,P0113,1.0,3.01,0,2.8,0
C01884,P0187,0.69,0.29,0,9.3,0
C01885,P0807,0.88,2.28,0,4.0,0
C01886,P0744,0.87,0.86,0,4.7,0
C01887,P0227,0.71,0.18,2,0.7,0
C01888,P0310,0.3,18.46,2,250.3,1
C01889,P0098,0.92,0.46,0,1.4,0
C01890,P0055,0.63,9.7,1,14.5,0
C01891,P0623,0.94,3.29,0,2.1,0
C01892,P0664,0.86,0.94,3,19.9,0
C01893,P0758,0.73,9.13,0,7.3,0
C01894,P0406,0.92,1.13,0,42.9,0
C01895,P0069,0.77,1.85,0,18.5,0
C01896,P0312,0.86,1.04,0,9.0,0
C01897,P0289,0.61,0.0,1,2.1,0
C01898,P0762,0.86,0.11,0,1.6,0
C01899,P0548,0.83,2.17,1,0.9,0
C01900,P0751,0.03,27.05,3,205.3,1
C01901,P0148,0.87,2.06,1,1.4,0
C01902,P0467,0.12,36.5,7,222.8,1
C01903,P0739,0.96,0.97,1,0.6,0
C01904,P0244,0.83,0.28,2,1.3,0
C01905,P0491,0.84,0.85,0,7.8,0
C01906,P0849,0.76,0.21,2,17.3,0
C01907,P0958,0.69,0.61,0,14.5,0
C01908,P0507,0.98,2.52,1,4.9,0
C01909,P0365,0.77,0.16,0,11.9,0
C01910,P0482,0.78,1.61,0,3.2,0
C01911,P0201,0.79,1.27,0,17.2,0
C01912,P0154,0.78,1.85,3,0.4,0
C01913,P0450,0.1,21.15,3,97.4,1
C01914,P0501,0.85,2.66,2,3.7,0
C01915,P0073,0.7,0.89,1,13.4,0
C01916,P0713,0.8,0.06,0,7.7,0
C01917,P0296,0.89,0.48,1,5.3,0
C01918,P0017,0.9,1.04,1,48.2,0
C01919,P0641,0.74,1.06,0,2.3,0
C01920,P0217,0.88,4.98,0,2.0,0
C01921,P0061,0.71,1.21,0,2.7,0
C01922,P0939,0.89,0.02,0,15.8,0
C01923,P0616,0.71,1.85,1,5.9,0
C01924,P0042,0.14,43.44,3,82.6,1
C01925,P0025,0.83,0.11,0,14.0,0
C01926,P0039,0.72,2.88,1,13.0,0
C01927,P0803,0.9,1.01,0,7.4,0
C01928,P0131,0.97,2.04,0,11.5,0
C01929,P0498,0.17,33.66,6,284.6,1
C01930,P0229,0.65,1.34,0,14.0,0
C01931,P0108,0.89,0.3,1,16.0,0
C01932,P0172,0.18,23.13,2,192.1,1
C01933,P0435,0.65,0.24,0,13.6,0
C01934,P0478,0.88,0.12,0,0.9,0
C01935,P0102,0.96,4.75,2,17.6,0
C01936,P0866,0.83,0.73,0,4.0,0
C01937,P0524,0.85,0.38,0,6.3,0
C01938,P0275,0.09,33.55,7,81.9,1
C01939,P0613,0.3,17.02,1,92.9,1
C01940,P0044,0.67,0.11,1,4.7,0
C01941,P0955,0.95,0.48,0,1.6,0
C01942,P0817,0.85,1.09,1,7.9,0
C01943,P0957,0.25,47.41,4,150.3,1
C01944,P0017,0.79,1.09,0,25.8,0
C01945,P0330,0.9,1.31,2,2.9,0
C01946,P0569,0.82,3.21,0,41.4,0
C01947,P0823,0.78,0.89,0,1.9,0
C01948,P0497,0.92,6.22,0,30.5,0
C01949,P0815,0.93,1.31,1,8.2,0
C01950,P0012,0.62,2.38,0,17.0,0
C01951,P0318,0.93,0.54,0,6.6,0
C01952,P0592,0.84,0.68,0,3.5,0
C01953,P0216,0.62,0.01,0,15.7,0
C01954,P0339,0.38,27.08,3,206.7,1
C01955,P0776,0.97,0.44,1,4.7,0
C01956,P0991,0.64,0.87,0,4.7,0
C01957,P0661,0.77,0.72,1,5.1,0
C01958,P0081,0.68,0.63,1,6.1,0
C01959,P0727,0.66,1.19,0,28.7,0
C01960,P0485,0.35,13.36,5,109.9,1
C01961,P0374,0.92,1.96,0,2.5,0
C01962,P0976,0.73,6.43,0,5.1,0
C01963,P0710,0.81,3.02,0,2.0,0
C01964,P0200,0.23,36.61,3,290.0,1
C01965,P0537,0.77,1.95,1,2.3,0
C01966,P0466,0.9,3.26,0,6.7,0
C01967,P0089,0.65,0.18,0,3.7,0
C01968,P0268,0.98,3.06,1,1.8,0
C01969,P0655,0.99,0.94,0,6.8,0
C01970,P0571,0.35,45.49,0,272.7,1
C01971,P0922,0.71,0.08,2,8.5,0
C01972,P0489,0.93,3.09,1,34.3,0
C01973,P0877,1.0,0.25,1,4.9,0
C01974,P0538,0.25,12.24,5,146.0,1
C01975,P0047,0.78,1.47,1,6.0,0
C01976,P0288,0.93,1.53,0,10.7,0
C01977,P0778,0.89,1.63,0,1.9,0
C01978,P0016,0.71,0.66,1,14.1,0
C01979,P0711,0.71,0.74,0,2.4,0
C01980,P0401,0.95,0.18,0,18.9,0
C01981,P0919,0.25,21.69,6,66.6,1
C01982,P0794,0.93,0.44,0,2.7,0
C01983,P0981,0.77,2.62,1,7.0,0
C01984,P0086,0.97,3.37,0,40.3,0
C01985,P0250,0.88,0.13,0,1.8,0
C01986,P0391,0.89,0.41,0,1.0,0
C01987,P0782,0.97,0.84,2,6.2,0
C01988,P0335,0.61,4.79,0,0.8,0
C01989,P0629,0.64,0.97,2,4.6,0
C01990,P0519,0.62,7.32,0,29.5,0
C01991,P0137,0.75,0.02,3,2.0,0
C01992,P0883,0.83,2.03,1,31.9,0
C01993,P0688,0.86,3.76,0,5.3,0
C01994,P0840,0.99,1.75,2,8.0,0
C01995,P0498,0.6,0.08,0,2.1,0
C01996,P0827,0.7,0.73,0,5.5,0
C01997,P0727,0.64,0.09,1,5.9,0
C01998,P0477,0.85,3.52,0,10.2,0
C01999,P0594,0.98,3.66,0,10.3,0
C02000,P0223,0.67,1.64,1,26.3,0
